SMILES,RECRUITER_CODE
CNC(O)C[C@H](NC(O)[C@@H]1CCC[C@H]1N[C@@H](O)[C@@H]1NNC2CCCCC21)C1CCCCC1OC,LR00001
CN(C1NN[C@@H]([C@@H]2CNC3C2[C@@H](F)[C@@H](F)[C@H](F)[C@H]3F)O1)[C@H](CCN1CCCC1)C1CCCCN1,LR00002
OC1N[C@H](C2CCCCC2)C(O)N1N[C@H](O)[C@H]1CNC2C(F)C(F)C(F)C(F)C21,LR00003
CN(C)S(O)(O)C[C@H]1CCCN(C(O)[C@H]2CNC3C(F)C(F)C(F)C(F)C32)C1,LR00004
CN1NCC2C(NCC3CCCNC3)NC(C3CCCC(NC(S)NC4CCCC(C(F)(F)F)C4)C3)NC21,LR00005
OC1CC[C@H](N2C(O)C3CCCCC3C2O)[C@@H](O)N1,LR00006
NC1CCCC2C1CN([C@H]1CCC(O)N[C@@H]1O)C2O,LR00007
NC1CCCC2C1C(O)N([C@H]1CCC(O)NC1O)C2O,LR00008
NC1CCCC2C1CN([C@H]1CCC(O)N[C@@H]1O)C2O,LR00009
OC1CC[C@H](N2C(O)C3CCCCC3C2O)[C@@H](O)N1,LR00010
NC1CCCC2C1C(O)N([C@H]1CCC(O)NC1O)C2O,LR00011
OC1CC[C@H](N2C(O)C3CCCCC3C2O)[C@@H](O)N1,LR00012
NC1CCCC2C1C(O)N([C@H]1CCC(O)NC1O)C2O,LR00013
NC1CCCC2C1CN([C@H]1CCC(O)N[C@@H]1O)C2O,LR00014
OC[C@H]1O[C@@H](N2CCC(O)NC2O)C[C@@H]1O,LR00015
OC1CC[C@H](N2C(O)C3CCCCC3C2O)[C@@H](O)N1,LR00016
OC1CC[C@H](N2C(O)C3CCCCC3C2O)[C@@H](O)N1,LR00017
OC1CC[C@H](N2C(O)C3CCCCC3C2O)[C@@H](O)N1,LR00018
OC1CC[C@H](N2C(O)C3CCCCC3C2O)[C@@H](O)N1,LR00019
NC1CCCC2C1CN([C@H]1CCC(O)N[C@@H]1O)C2O,LR00020
CC1CCC(NC(O)NCC2CCC3C(C2)CN([C@H]2CCC(O)N[C@H]2O)[C@@H]3O)CC1Cl,LR00021
OC1CC[C@H](N2CC3C(OCC4CCC(CN5CCOCC5)CC4)CCCC3C2O)C(O)N1,LR00022
OC1CC[C@H](N2C(O)C3CCCCC3C2O)[C@@H](O)N1,LR00023
OC1CC[C@H](N2C(O)C3CCCCC3C2O)[C@@H](O)N1,LR00024
OC1CC[C@@H](N2C(O)[C@@H]3CCCC[C@H]3[C@@H]2O)[C@H](O)N1,LR00025
NC1CCCC2C1C(O)N([C@H]1CCC(O)NC1O)C2O,LR00026
NC1CCCC2C1C(O)N([C@H]1CCC(O)NC1O)C2O,LR00027
OC(O)C1CCCC[C@H]1C(O)N[C@H]1CC[C@H](O)N[C@@H]1O,LR00028
OC1CC[C@H](N2C(O)C3CCCCC3C2O)[C@@H](O)N1,LR00029
OC1C[C@H](NC(O)[C@@H]2CC(N(O)O)CC[C@H]2C(O)O)C(O)N1,LR00030
NC1CCC2C(C1)C(O)N([C@H]1CC(O)NC1O)C2O,LR00031
OC1CC[C@H](N2C(O)C3CCCCC3C2O)[C@@H](O)N1,LR00032
OC1CC[C@H](N2C(O)C3CCCCC3C2O)[C@@H](O)N1,LR00033
OC1CC[C@H](N2C(O)C3CCCCC3C2O)[C@@H](O)N1,LR00034
OC1CC[C@H](N2C(O)C3CCCCC3C2O)[C@@H](O)N1,LR00035
OC1CC[C@H](N2C(O)C3CCCCC3C2O)[C@@H](O)N1,LR00036
OC1CC[C@H](N2C(O)C3CCCCC3C2O)[C@@H](O)N1,LR00037
OC1C[C@H](NC(O)OCC2CCCCC2)C(O)N1,LR00038
OC(N[C@H]1C[C@H](O)N[C@H]1O)[C@@H]1C(Cl)CC(Cl)C[C@H]1Cl,LR00039
OC1CC[C@H](N2C(O)C3CCCCC3C2O)[C@@H](O)N1,LR00040
CC(C)CC(O)N[C@H]1C[C@H](O)NC1O,LR00041
NC1CCCC2C1C(O)N([C@H]1CCC(O)NC1O)C2O,LR00042
OC1CC[C@H](N2CC3CC(CNC(O)C(F)(F)C4CCC(Cl)CC4)CCC3C2O)C(O)N1,LR00043
OC1CC[C@H](N2C(O)C3CCCCC3C2O)[C@@H](O)N1,LR00044
OC1CCC2C(C1)C(O)N([C@H]1CCC(O)NC1O)C2O,LR00045
CC1CC[C@H](NC(O)CC[C@H]2CCCC(NC3CC(O)N([C@H]4CCC(O)N[C@H]4O)C3O)C2)CC1Cl,LR00046
OC1CC[C@H](N2NC3CCCCC3N2)C(O)N1,LR00047
OC1CC[C@H](N2CC3C(OCC4CCC(CN5CCOCC5)CC4)CCCC3C2O)C(O)N1,LR00048
CC1NC2CCCC(N)C2C(O)N1[C@H]1CC[C@H](O)NC1O,LR00049
OC1CC[C@H](N2C(O)C3CCCCC3C2O)[C@@H](O)N1,LR00050
COC1CCC([C@H]2CCC(O)NC2O)CC1,LR00051
OC1CC[C@H](N2CC3CC(C4CCN(CC5CCCCC5)CC4)CC[C@@H]3C2O)C(O)N1,LR00052
NC1CCCC(SC[C@H]2CCC(O)NC2O)C1,LR00053
OC1CC[C@H](CS(O)(O)C2CCCCC2)C(O)N1,LR00054
NCC1CCC(N2CCN(CC3CCC(COC4CCCC5C4CN([C@H]4CCC(O)NC4O)C5O)CC3)CC2)C(F)C1,LR00055
NCC1CCC(N2CCN(CC3CCC(COC4CCCC5C4CN([C@H]4CCC(O)NC4O)C5O)CC3)CC2)C(F)C1,LR00056
NCC1CCC(N2CCN(CC3CCC(COC4CCCC5C4CN([C@H]4CCC(O)NC4O)C5O)CC3)CC2)C(F)C1,LR00057
NCC1CCC(N2CCN(CC3CCC(COC4CCCC5C4CN([C@H]4CCC(O)NC4O)C5O)CC3)CC2)C(F)C1,LR00058
OC1CC[C@H](N2CC3C(OCC4CCC(CN5CCOCC5)CC4)CCCC3C2O)C(O)N1,LR00059
NC1CCCC2C1C(O)N([C@H]1CCC(O)NC1O)C2O,LR00060
OC1CC[C@H](N2CC3CC(C4CCN(CC5CCCCC5)CC4)CC[C@@H]3C2O)C(O)N1,LR00061
OC1CC[C@H](N2CC3CC(NC4NOC5CCCCC45)CCC3C2O)C(O)N1,LR00062
NC1CCCC2C1C(O)N([C@H]1CCC(O)NC1O)C2O,LR00063
COC1CCC(N)C2C1C(O)N([C@H]1CCC(O)NC1O)C2O,LR00064
OC1CC[C@H](N2C(O)C3CCCCC3C2O)[C@@H](O)N1,LR00065
NC1CCC(C(O)N[C@H]2CCC(O)NC2O)C(Cl)C1,LR00066
NC1CC[C@@H]([C@H](O)N[C@H]2CCC(O)NC2O)[C@H](C(F)(F)F)C1,LR00067
CC1CC(N)CCC1[C@H](O)N[C@H]1CC[C@H](O)NC1O,LR00068
CO[C@@H]1CC(N)CC[C@@H]1[C@H](O)N[C@H]1CC[C@H](O)NC1O,LR00069
NC1CC[C@H]([C@H](O)N[C@H]2CC[C@H](O)NC2O)C(O)C1,LR00070
COC1C(N)C(F)CC([C@H](O)N[C@H]2CC[C@H](O)N[C@@H]2O)[C@H]1F,LR00071
OC1CC[C@]2(CC(C3CCCCC3Cl)NO2)[C@H](O)N1,LR00072
OC1CC[C@]2(CC(C3CCC(Cl)CC3Cl)NO2)[C@H](O)N1,LR00073
O[C@@H]1N[C@@H](O)CC[C@]12CC([C@H]1CCCCC1N(O)O)NO2,LR00074
COC1CCCCC1C1C[C@]2(CCC(O)NC2O)ON1,LR00075
COC1CC[C@@H](C2C[C@]3(CC[C@H](O)N[C@H]3O)ON2)[C@H](OC)C1OC,LR00076
NCC1CCC(N2CCN(CC3CCC(COC4CCCC5C4CN([C@H]4CCC(O)NC4O)C5O)CC3)CC2)C(F)C1,LR00077
CC1NNC2N1C1CCC(C3CNN(CCCCCCCN4CCC(C5CCCC6C5CN([C@H]5CCC(O)NC5O)C6O)CC4)C3)CC1[C@H](C1CCC(Cl)CC1)NC21CC1,LR00078
NC1CCCC2C1CN([C@H]1CCC(O)N[C@@H]1O)C2O,LR00079
NCC1CCC(N2CCN(CC3CCC(COC4CCCC5C4CN([C@H]4CCC(O)NC4O)C5O)CC3)CC2)C(F)C1,LR00080
NC1CCCC2C1C(O)N([C@H]1CCC(O)NC1O)C2O,LR00081
OC1CC[C@H](N2C(O)C3CCC(N4CCOCC4)CC3C2O)C(O)N1,LR00082
OC1CC[C@H](N2C(O)C3CCC(N4CCOCC4)CC3C2O)C(O)N1,LR00083
CCN1CCCC[C@@H]1[C@@H](C)OC1CCC2C(C1)CN([C@H]1CCC(O)NC1O)C2O,LR00084
OC1CC[C@H](N2CC3C(OCC4CCC(CN5CCOCC5)CC4)CCCC3C2O)C(O)N1,LR00085
NC1CCCC2C1C(O)N([C@H]1CCC(O)NC1O)C2O,LR00086
NC1CCCC2C1C(O)N([C@H]1CCC(O)NC1O)C2O,LR00087
CN1C2CCCCC2N([C@H]2CCC(O)NC2O)[C@H]1O,LR00088
CC1CC(S(O)(O)C2CC3(CCN(CC4CCN([C@@H]5CCC6C(C5F)N(C)C(O)N6[C@@H]5CCC(O)NC5O)CC4)CC3)C2)CCC1NC1NCC2CCC(O)N(C3CCCC3)C2N1,LR00089
CCN1CCC2(CC2)[C@@H](OC2CCC3C(C2)CN([C@H]2CCC(O)NC2O)C3O)C1,LR00090
CCN1C[C@H](OC2CCC3C(C2)CN([C@H]2CCC(O)NC2O)C3O)CC[C@@H]1C,LR00091
OC1CC[C@H](N2C[C@H]3C4OCC5(CCN(CC6CCCCC6)CC5)[C@@H]4CC[C@@H]3[C@H]2O)[C@@H](O)N1,LR00092
CN1NC([C@H]2CCC(O)NC2O)C2CCC(NC3CCNCC3)CC21,LR00093
COC1CSCC1C1CN([C@H]2CCC(O)NC2O)NN1,LR00094
COC1CSCC1C1CN([C@H]2CCC(O)NC2O)NN1,LR00095
CC1CC[C@H](NC(O)CC[C@H]2CCCC(NC3CC(O)N([C@H]4CCC(O)N[C@H]4O)C3O)C2)CC1Cl,LR00096
NC1CCCC2C1CN([C@H]1CCC(O)N[C@@H]1O)C2O,LR00097
CNC(O)COC1CCC([C@H]2CCC(O)NC2O)CC1,LR00098
OC1N[C@@H](O)CCN1C1CCC2CCNC2C1,LR00099
CCN[C@@H]1CC[C@H]2CC[C@@H]1N2C1CCC2C(C1)C(O)N([C@H]1CC[C@H](O)NC1O)C2O,LR00100
OC1CCN(C2CNC3CC(CN[C@@H](O)[C@@H]4C[C@@H]5CCCCC5CN4S(O)(O)CC4CCCCC4)CCN32)C(O)N1,LR00101
OC1CC[C@H]([C@H]2CCCC(C3CCCCC3)C2Cl)C(O)N1,LR00102
COC1CSC[C@H]1C1CN([C@H]2CCC(O)NC2O)NN1,LR00103
OC1CC[C@H](N2C[C@H]3CC([C@H]4CC(CN5CCCC5)C5CCNC5N4)CCC3C2O)C(O)N1,LR00104
OC1N[C@H](O)CC[C@@H]1N1CC2C3OCC4(CCNCC4)C3CC[C@@H]2[C@@H]1O,LR00105
OC1CCN([C@@H]2CNC3C4OCC5(CCNCC5)C4CCN32)C(O)N1,LR00106
CN1CCC2C1N[C@@H]([C@H]1CCC3C(C1)CN([C@H]1CCC(O)NC1O)[C@@H]3O)C[C@H]2CN1CCCC1,LR00107
OC1CC[C@H](N2CC3C[C@H]([C@@H]4CC(CN5CCCC5)C5CCN(C6COC6)C5N4)CCC3C2O)C(O)N1,LR00108
CN1NC([C@H]2CCC(O)NC2O)C2CCC(N3CCC(N(C)C4NCC(Cl)C(NC5CCC6C(C5)N(CCC(C)(C)O)C(O)N6C)N4)CC3)CC21,LR00109
OC1CC[C@H](N2CC3C[C@@H](C4(O)CCN(CC5CCCCC5)CC4)CCC3C2O)[C@@H](O)N1,LR00110
CC1CCC(NC(O)NCC2CCC3C(C2)CN([C@H]2CCC(O)N[C@H]2O)[C@@H]3O)CC1Cl,LR00111
CC1C2[C@H](C3CCC(Cl)CC3)N[C@@H](CC(O)NCCCCCCCCC(O)N[C@@H](C)C(O)N[C@H]3CCC(O)NC3O)[C@@H]3NNC(C)N3[C@@H]2S[C@@H]1C,LR00112
OC1N[C@@H](O)CC[C@@H]1N1C(O)C2CCCC(NCC3CCC(CN4CC(N5CCOCC5)C4)CC3F)C2C1O,LR00113
C[C@H]1CCCN(CC2CC(C(F)(F)F)C3NN(C4CCCC([C@]5(C6NNCN6C)C[C@@H](C)C5)C4)C(O)N3C2)C1,LR00114
C[C@H]1CCCN(CC2CC(C(F)(F)F)C3NN(C4CCCC([C@]5(C)CCNC(O)C5)C4)C(O)N3C2)C1,LR00115
CC1CC(C(O)NC2CCCC([C@]3(C)CCNC(O)O3)C2)NC(C2CC2)N1,LR00116
FC1CCCC(N2CCC[C@@H](NC3CC(N4CCOCC4)NCN3)C2)C1,LR00117
N[C@H](O)C[C@H](NC(O)[C@@H]1CNN[C@@H]1C1CCCCC1F)[C@H]1CCCC(Cl)C1,LR00118
N[C@H](O)C[C@H](NC(O)[C@@H]1CNNC1C1CCC(Cl)CC1F)[C@H]1CC[C@@H](F)C(Cl)C1,LR00119
FC1CCCCC1[C@@H]1CC2CCCCC2C2NCCN21,LR00120
FC1CCCCC1[C@@H]1CC2CCCCC2C2NCCN21,LR00121
FC1CCCCC1[C@@H]1CC2CCCCC2C2NCCN21,LR00122
FC1CCCCC1[C@@H]1CC2CCCCC2C2NCCN21,LR00123
FC1CCCCC1[C@@H]1CC2CCCCC2C2NCCN21,LR00124
NC1C[C@H](C2CCCC(OC3CCC(Cl)CC3)C2)CN1,LR00125
CC(C)(CC1CCCCC1)C1CC2CCCCC2C2NCCN21,LR00126
CC(C)(CC1CCCCC1)C1CC2CCCCC2C2NCCN21,LR00127
ClC1CCC(C2(C3C[C@@H]4CCCCC4C4NCCN43)CC2)CC1,LR00128
ClC1CCC(C2(C3C[C@@H]4CCCCC4C4NCCN43)CC2)CC1,LR00129
COC1CCC(C2(C3C[C@@H]4CC(N5CCN(C)CC5)CCC4[C@@H]4NCCN34)CC2)CC1,LR00130
COC1CCC(C2(C3NC4CC(N5CCN(C)CC5)CCC4C(NCCN)N3)CC2)CC1,LR00131
CC(O)N1CCN(C2CCC3C(C2)N[C@H](C2(C4CCC(Cl)CC4)CCCC2)NC3NCCN)CC1,LR00132
CC(O)N1CCN(C2CCC3C(C2)N[C@H](C2(C4CCC(Cl)CC4)CCCC2)NC3NCCN)CC1,LR00133
CC(O)N1CCN([C@@H]2CC[C@H]3[C@H](NCCN)N[C@@H](C4(C5CCC(Cl)CC5)CCCCC4)N[C@@H]3C2)CC1,LR00134
CC(O)N1CCN([C@@H]2CC[C@H]3[C@H](NCCN)N[C@@H](C4(C5CCC(Cl)CC5)CCCCC4)N[C@@H]3C2)CC1,LR00135
COCCNC(O)CCC1NCC(C(O)N[C@@H](CC(N)O)[C@H]2CC[C@@H](F)C(Cl)C2)C1C1CCC(Cl)CC1F,LR00136
CN1C[C@H]([C@H]2NCC(C(O)N[C@@H](CC(N)O)[C@H]3CC[C@@H](F)C(Cl)C3)[C@H]2C2CCC(Cl)CC2F)CN1,LR00137
COCCCC1NC[C@@H](C(O)N[C@@H](CC(N)O)[C@H]2CCC(F)C(Cl)C2)[C@H]1C1CCC(Cl)CC1F,LR00138
NC(O)C[C@H](NC(O)C1CNC(CCC(O)N2CCCCC2)C1C1CCC(Cl)CC1F)[C@H]1CC[C@@H](F)C(Cl)C1,LR00139
CCNC(O)CCC1NC[C@@H](C(O)N[C@@H](C[C@H](N)O)[C@H]2CC[C@@H](F)[C@H](Cl)C2)C1C1CCC(Cl)CC1F,LR00140
NC(O)C[C@H](NC(O)[C@@H]1CN[C@@H](C2CNN(CC[NH+]3CCOCC3)C2)[C@@H]1C1CCC(Cl)C[C@H]1F)[C@H]1CCC(F)C(Cl)C1,LR00141
CC1CCC(NS(O)(O)C2CCCC(CN)C2)C2NCC(CN)C12,LR00142
CC1CCC(NS(O)(O)C2CCCC(CN)C2)C2NCC(CN)C12,LR00143
O[C@@H](NS(O)(O)[C@@H]1CCC(Br)S1)[C@H]1CC[C@@H](Cl)C[C@H]1Cl,LR00144
NS(O)(O)C1CCC(S(O)(O)NC2CCCC3C(Cl)CNC23)CC1,LR00145
NS(O)(O)C1CCC(S(O)(O)NC2CCCC3C(Cl)CNC23)CC1,LR00146
NS(O)(O)C1CCC(S(O)(O)NC2CCCC3C(Cl)CNC23)CC1,LR00147
CC1CCC(NS(O)(O)C2CCC(CN)CC2)C2NCC(CN)C12,LR00148
CC1CC(S(O)(O)NC2CCC(Cl)C3C(Cl)CNC23)OC1C(O)N(C)C,LR00149
CNC(O)C1CCN(C(O)C2OC(S(O)(O)NC3CCC(Cl)C4C(Cl)CNC34)CC2C)CC1,LR00150
CCS(O)(O)NC1CCC(C2N[C@@H](CC(O)OC(C)(C)C)C3NNC(C)N3[C@@H]3SC(C)C(C)[C@H]23)CC1,LR00151
OC(CNC[C@H]1CC2CCCCC2N1)N[C@H]1CC[C@@H](C2NC3CCCCC3N2)CC1,LR00152
COC(O)CCCNC(O)C1CC2CCCC2NC1O,LR00153
COC1CCCCC1[C@H](O)CCC1CCCCC1C(O)O,LR00154
CN1C[C@H]([C@H]2CCC(C(O)O)[C@@H](CCC(O)C3C(F)CC(C4CNNC4)CC3F)C2)CN1,LR00155
OC(O)CN1C(O)C2CCCCC2[C@@H]1O,LR00156
OC(O)CN1C(O)C2CC(C(O)O)CCC2[C@@H]1O,LR00157
OC(O)COC1CCCC(CNC(O)NC2NNC(C3CCCO3)O2)C1,LR00158
OC(O)COC1CCCC(CNC(O)NC2NNC(C3CCCO3)O2)C1,LR00159
CC1(C)CC[C@]2(C(O)O)CC[C@]3(C)[C@H](C(O)CC4[C@@]5(C)CC(CN)C(O)C(C)(C)[C@@H]5CC[C@]43C)[C@@H]2C1,LR00160
OC(O)[C@@H]1CCCC[C@H]1C(O)N1CCC2CCCCC2[C@H]1CN1C(O)C2CCCCC2C1O,LR00161
CC1CCC(S(O)(O)C2CNC(SCC(O)N[C@H]3CCCCC3C(F)(F)F)NC2O)C(C)C1,LR00162
CC1CCC(S(O)(O)C2CNC(SCC(O)N[C@H]3CCCCC3C(F)(F)F)NC2O)C(C)C1,LR00163
COC1CCC(S(O)(O)N[C@H]2CC[C@@H](NS(O)(O)C3CCC(OC)CC3)C3CCCCC32)CC1,LR00164
OC1C2CCCCC2C(O)N1C[C@@H]1C2CCCCC2CCN1C(O)[C@@H]1CCCC[C@@H]1C1NNNN1,LR00165
CC1CCCC2C1CCN(C(O)[C@@H]1CCCC[C@@H]1C(O)O)[C@@H]2CN1CC2CCCCC2C1O,LR00166
OC(O)[C@H]1CCCC[C@H]1C(O)N1CCC2CCCCC2[C@H]1CN1CC2CCCCC2C1O,LR00167
COC1CCC(S(O)(O)N(CC(N)O)C2CCC(N(CC(N)O)S(O)(O)C3CCC(OC)CC3)C3CCCCC32)CC1,LR00168
CCOC1CCC(S(O)(O)N[C@H]2[C@H](C[C@H](C)O)C[C@@H](NS(O)(O)C3CCC(OCC)CC3)C3CCCC[C@@H]32)CC1,LR00169
CC1CC(C)C(C)C(S(O)(O)NC2CCC(N3CC[C@H](C(O)O)C3)C3CCCCC23)C1C,LR00170
COC1NC(C)NC2C1CC[C@H]1[C@H](C)C(O)C(CN)C[C@]21C,LR00171
C[C@@H]1C(O)C(CN)C[C@]2(C)C3NN(C)C(C4CCCNC4)C3CC[C@@H]12,LR00172
[O-]C(O)CCC1CCC(Cl)CC1,LR00173
CN1NNC2CC([C@@H](CC([O-])O)C3CCC(Cl)CC3)CCC21,LR00174
CN1NNC2CC([C@@H](CC([O-])O)C3CCC(Cl)C(CN(C)S(C)(O)O)C3)CCC21,LR00175
CN1NNC2CC([C@@H](CC([O-])O)C3CCC(Cl)C(CN(C)S(O)(O)C4CCCCC4)C3)CCC21,LR00176
COC1CC([C@@H](CC([O-])O)C2CCC(C)C(CN3C[C@@H](C)OC4CCCCC4S3(O)O)C2)CC2NNN(C)C21,LR00177
CC1CC2OC(C)NC2C(O)O1,LR00178
NS(O)(O)C1CCCCC1,LR00179
CC(O)O[C@H]1C[C@H](O)[C@]2(C)[C@@H]1[C@H](C)C[C@@H]1OC(O)[C@H](C)[C@H]1[C@@H]2OC(C)O,LR00180
CC(O)NC1CCC([C@H]2CCNO2)CC1,LR00181
COC1CCC(S(O)(O)N(CC([O-])O)[C@H]2CC[C@@H](N(CC([O-])O)S(O)(O)C3CCC(OC)CC3)C(OCC3CCCCC3)C2)CC1,LR00182
[O-]C(O)C[C@@H](C1CCC(Cl)CC1)C1CCNC(O)C1,LR00183
CN1NNC2CC([C@H](CC([O-])O)C3CCC(Cl)CC3)CCC21,LR00184
CN1NNC2CC([C@H](CC([O-])O)C3CCC(Cl)CC3)CCC21,LR00185
CC1CC([C@H](CC([O-])O)C2CCC3C(C2)NNN3C)CCC1Cl,LR00186
COC1CC([C@@H](CC([O-])O)C2CCC(C)C(CN(C)S(O)(O)C3CCCCC3)C2)CC2NNN(C)C21,LR00187
COC1CC([C@@H](CC([O-])O)C2CCC(C)C(CN3CCOC4CCCCC4S3(O)O)C2)CC2NNN(C)C21,LR00188
OCCOC1CCCC2C1CCN(C(O)[C@@H]1CCCC[C@@H]1C(O)O)[C@@H]2CN1C(O)C2CCCCC2C1O,LR00189
NC(O)[C@H]1CC[C@H]1C(O)N1CCC2C(OCCO)CCCC2[C@H]1CN1C(O)C2CCCCC2C1O,LR00190
CCN1NN[C@H]2C(C)C([C@@H](CC(O)O)C3CC(C)[C@H]4CCN([C@H](O)C5CCCCC5)CC4C3)CC[C@@H]21,LR00191
CCN1NN[C@H]2C(C)C([C@@H](CC(O)O)C3CC(C)[C@H]4CCN([C@H](O)C5CCCCC5)CC4C3)CC[C@@H]21,LR00192
CCN1NNC2C(C)C([C@@H](CC(O)O)C3CCC4CCN([C@H](O)C5CCCCC5)CC4C3)CCC21,LR00193
COC1CCC(S(O)(O)N(CC(O)O)C2NC[C@H](N(CC(F)(F)F)S(O)(O)C3CCC(OC)CC3)C3CCCC[C@@H]32)CC1,LR00194
COC1CCC(S(O)(O)N[C@@H]2CC[C@@H](N(CC(O)O)S(O)(O)C3CCC(OC)CC3)C3CCCCC32)CC1,LR00195
CC(O)N1CCC[C@H]1C(O)N[C@@H]1COC(O)C2CCCCC2CSC[C@H](C(O)N(C)C)NC1O,LR00196
OC(O)[C@H]1CNN(C2CCCCC2)[C@@H]1C1CC1,LR00197
OC(O)C1CNN(C2CCC[C@@H](NS(O)(O)C3CCCCC3)C2)C1C1CC1,LR00198
CCCC[C@H]1CCCN1[C@@H](O)[C@H]1CCC[C@@H](C2CCCC(N3NCC(C(O)O)C3C3CC3)C2)C1,LR00199
CC1CC(C)C(C)C(S(O)(O)NC2CCC[C@H](N3NCC(C(O)O)[C@H]3C3CC3)C2)C1C,LR00200
OC(O)CN([C@H]1CCC[C@H](N2NC[C@H](C(O)O)[C@H]2C2CC2)C1)S(O)(O)C1CCCCC1,LR00201
CCCC1CCC(S(O)(O)NC2CCCC(N3NCC(C(O)O)C3C3CC3)C2)CC1,LR00202
OS(O)(NC1CCC[C@H](N2NC[C@H](C3NNNN3)[C@H]2C2CC2)C1)C1CCCCC1,LR00203
CC1CC(C)C(C)C(S(O)(O)N(CC(O)O)C2CCCC(N3NCC(C(O)O)[C@H]3C3CC3)C2)C1C,LR00204
CCCCC1CCC(S(O)(O)N(CC(O)O)[C@H]2CCC[C@@H](N3NCC(C(O)O)[C@@H]3C3CC3)C2)CC1,LR00205
OC(O)CN([C@H]1CCC[C@@H](N2NCC(C(O)O)[C@@H]2[C@H]2C[C@@H]2C2CCCCC2)C1)S(O)(O)C1CCCCC1,LR00206
COC1CCC[C@@H](S(O)(O)N(CC(O)O)C2CCC[C@H](N3NC[C@H](C(O)O)[C@H]3C3CC3)C2)C1,LR00207
COC1CCC[C@@H](S(O)(O)N(CC(O)O)[C@H]2CCCC(N3NCC(C(O)O)C3[C@H]3C[C@@H]3C3CCCCC3)C2)C1,LR00208
OC(O)[C@@](O)(C1CCCCC1)C1CCCC1,LR00209
NC[C@H]1OCCC2SCCC21,LR00210
OC(O)C1CC(F)C(Cl)NC1Cl,LR00211
CCN(CC)C(O)C1CCCC2C(O)C3CCCCC3C21,LR00212
CN(C)C(O)C1CCCC2C(O)C3CCCCC3C21,LR00213
OC(O)CNC(O)C1CCCC2C(O)C3CCCCC3C12,LR00214
OC(N[C@@H](C(O)O)C1CCCCC1)C1CCCC2C(O)C3CCCCC3C12,LR00215
CC(C)OC1CCCC(C2CCCC(N3NCC(C([O-])O)C3C(F)(F)F)N2)C1,LR00216
CN(C)C(O)C1CCCC(C2CCCC(N3NCC(C([O-])O)C3C(F)(F)F)N2)C1,LR00217
CN(C)C(O)C1CCCC(C2CCCC(N3NCC(C([O-])O)C3C3CC3)C2)C1,LR00218
CN1CC([C@@H]2C[C@H]2C2C(C([O-])O)CNN2C2CCCC(C3CCCC(C(O)N(C)C)C3)C2)NN1,LR00219
CCC[C@@H]1CCCCN1C(O)C1CCCC(C2CCCC(N3NCC(C([O-])O)C3C3CC3)C2)C1F,LR00220
CCCC[C@@H]1CCCN1C(O)[C@H]1CCC[C@@H](C2CCCC(N3NCC(C([O-])O)C3C3CC3)C2)C1,LR00221
CCC[C@@H]1CCCCN1C(O)C1CCCC(C2CCCC(N3NCC(C([O-])O)C3[C@@H]3C[C@H]3C3CN(C)NN3)C2)C1,LR00222
CC(O)N1CCC[C@H]1[C@@H](O)N[C@@H]1CO[C@@H](O)[C@H]2CCCCC2C[S@H](O)C[C@H](C(O)N(C)C)NC1O,LR00223
CNC(O)CC[C@H](O)N1CCC[C@H]1C(O)N[C@@H]1COC(O)C2CCCC[C@H]2CSC[C@H]([C@@H](O)N(C)C)NC1O,LR00224
CC(O)N1CCC[C@H]1C(O)N[C@@H]1CO[C@@H](O)C2CCCC(C3CCCC4NONC43)C2CSC[C@H](C(O)N(C)C)NC1O,LR00225
CC(O)N1CCC[C@H]1C(O)N[C@@H]1COC(O)C2CCCC(C3CCCC(C(O)O)C3)C2CSC[C@H](C(O)N(C)C)N[C@H]1O,LR00226
CC(O)N1CCC[C@H]1C(O)N[C@@H]1COC(O)C2CCC[C@H](C3CCC(C(O)O)CC3)C2CSC[C@H](C(O)N(C)C)NC1O,LR00227
COC1CCC(S(O)(O)N(CC(N)O)C2CC[C@@H](N(C[C@H](N)O)S(O)(O)C3CCC(N)CC3)C3CCCCC32)CC1,LR00228
CC1CCC2CC1[C@@H](C)N1C[C@@H]3C[C@@H](CCC3OS1(O)O)OCCOCCN1NN[C@@H]3[C@H]1CCC([C@H]2CC(O)O)[C@@H]3C,LR00230
CC1CCC([C@H](CC(O)O)NC(O)CC2CCC3CCCCC3C2)CC1,LR00231
CC1CCC([C@@H](NC(O)CC2CCC3CCCCC3C2)[C@@H](C)C(O)O)CC1,LR00232
CC1CCC([C@@H](NC(O)[C@@H](F)C2CCC3CCCCC3C2)[C@@H](C)C(O)O)CC1,LR00233
C[C@@H]1CCC([C@@H](NC(O)[C@@H](F)C2CCC(Cl)CC2)[C@@H](C)C(O)O)C[C@H]1OCC(C)(C)CN,LR00234
CCOC1CCCNC1CC1CCC([C@H](F)C(O)N[C@H](C2CCC(C)CC2)[C@@H](C)C(O)O)CC1,LR00235
CC[C@@H](O)N1CCOC[C@H]1[C@H]1CC(Cl)CC(C2NCNC(N)N2)C1,LR00236
C[C@@H]1C(O)N(C)CCN1[C@H]1SCNC1S(O)(O)C1CCCCC1Cl,LR00237
C[C@@H]1C(O)N(C)CCN1[C@H]1SCN[C@H]1S(O)(O)[C@H]1CCCC[C@@H]1CN,LR00238
COC1CCC(S(O)(O)NCC2CCCC([C@@H](NC(O)C3CCCC4C(O)C5CCCCC5C34)C(O)O)C2)CC1,LR00239
COC1CCC(S(O)(O)N2CCC3CCC([C@@H](NC(O)C4CCCC5C(O)C6CCCCC6C45)C(O)O)CC3C2)CC1,LR00240
OC(COC1CCCCC1)NC1CCCCC1,LR00241
OC(COC1CCCC(N2CCC(C(O)O)CC2)C1)NC1CCCCC1,LR00242
OC(O)CCC1CCC2CCC(OCC(O)NC3CCCCCC3)CC2C1,LR00243
CC1CC2OCOC2CC1[C@@H](CC(O)O)[C@@H]1CCC2CCC(OCC(O)NC3CCCCCC3)CC2C1,LR00244
OC(O)C[C@@H](C1CCC2CCC(OCC(O)NC3CCCCC3)CC2C1)C1CCC2OCOC2C1,LR00245
OC(O)C[C@@H](C1CCC2CCC(OCC(O)NC3CCCCC3)CC2C1)C1CCC2OCOC2C1,LR00246
OC(O)C[C@@H](C1CCC2CCC(OCC(O)NC3CCCCC3)CC2C1)C1CCC2OCCOC2C1,LR00247
OC(O)C[C@@H](C1CCC2CCC(OCC(O)NC3CCCCCC3)CC2C1)C1CCC2OCCOC2C1,LR00248
CCOC1CCC(S(O)(O)NC2CC(CC(O)N3CCCC3)C(NS(O)(O)C3CCC(OCC)CC3)C3CCCCC23)CC1,LR00249
COC1CC2(C1)CN(C1CC(Cl)[C@H](C(O)N3COC4C(CCC[C@@H]4[C@@H]4CC(N5[C@@H]6CC[C@H]5COC6)C(C([O-])O)C[C@H]4F)C3)[C@@H](Cl)C1)C2,LR00250
CN[C@@H](C)C(O)N[C@@H]1CCC[C@H]2SC(C)(C)[C@@H](C(O)NC3CC(C)NN3C3CCCCC3)N2C1O,LR00251
CN[C@@H](C)C(O)N[C@H](C(O)N1CC[C@H]2CC[C@H](NC(O)C(C3CCCCC3)C3CCCCC3)[C@H]21)C(C)(C)C,LR00252
CN[C@@H](C)C(O)N[C@H](C(O)N1CC[C@H]2CC[C@H](NC(O)C3CCCC4CCCCC43)[C@H]21)C(C)(C)C,LR00253
CN[C@@H](C)C(O)N[C@@H](C1CCCCC1)C(O)N1CCC[C@H]1C1NC(C2CCCC3CCCCC32)CS1,LR00254
CN[C@@H](C)C(O)N[C@@H](C1CCCCC1)C(O)N1CCC[C@H]1C1NC2C(CCCC2C2CCCCC2)S1,LR00255
N[C@@H]1SNNC1C1CCCCC1,LR00256
N[C@H](CO)C1CCCCC1,LR00257
CCOC1CC(OC)CC[C@H]1C1N[C@@H](C2CCC(Br)CC2)[C@@H]([C@H]2CC[C@@H](Br)CC2)N1C(O)N1CCN(CCO)CC1,LR00258
CCOC1CC(OC)CC[C@H]1C1N[C@@H](C2CCC(Br)CC2)[C@@H]([C@H]2CC[C@@H](Br)CC2)N1C(O)N1CCN(CCO)CC1,LR00259
OC(O)[C@H](C1CCC(Cl)CC1)N1C(O)C2CC(I)CCC2NC(O)[C@@H]1C1CCC(Cl)CC1,LR00260
N[C@H](CO)CC1CNC2C[C@H](Cl)CCC12,LR00261
N[C@H](CO)CC1CNC2C[C@H](Cl)CCC12,LR00262
N[C@H](CO)CC1CNC2C[C@H](Cl)CCC12,LR00263
N[C@H](CO)C[C@H]1CC[C@@H](C[PH](O)(O)O)CC1,LR00264
NC(O)[C@@H](N)CC1CNCN1,LR00265
BrC1CCC([C@H]2O[C@H]3CCCCC3C3NC4NCNN4[C@@H](C4CCC(Br)CC4)C32)CC1,LR00266
CN(C)CCCN(C)[C@H]1CCN(C(O)C2N[C@H]3CC(Cl)CC[C@@H]3[C@H]2[C@H]2[C@H](C3CCCCC3)NCN2CC2CCC(Cl)CC2)C1,LR00267
CN(C)CCCN(C)[C@H]1CCN(C(O)C2N[C@H]3CC(Cl)CC[C@@H]3[C@H]2[C@H]2[C@H](C3CCCCC3)NCN2CC2CCC(Cl)CC2)C1,LR00268
OC(O)[C@@H]1NC2CC(Cl)CCC2[C@H]1[C@H]1C(C2CCCCC2)NCN1CC1CCC(Cl)CC1,LR00269
CC(C)(C)C[C@H]1N[C@@H]([C@H](N)O)[C@@H]([C@@H]2CCCC(Cl)C2F)[C@]12C(O)NC1CC(Cl)CCC12,LR00270
CC(C)(C)NC(O)[C@H](C1C2CCC(Cl)CC2NC1C(O)O)N(CO)CC1CCC(Cl)CC1,LR00271
CC(C)(C)N[C@@H](O)C([C@@H]1C2CCC(Cl)CC2NC1C(O)O)N(CO)CC1CCC(F)C(F)C1,LR00272
C[C@@H]1C(Cl)CCC2C1NC[C@@H]2C[C@@H]1N[C@H](O)N(C[C@H]2CCC(F)C(F)C2)C1O,LR00273
C[C@@H]1C(Cl)CCC2C1NC[C@@H]2C[C@@H]1N[C@H](O)N(C[C@H]2CCC(F)C(F)C2)C1O,LR00274
CC(C)[C@H]1[C@H]([C@H](O)N2CCC[C@H]2C(O)N(C)C)SC2N[C@@](C)(C3CCC(Cl)CC3)[C@@H](C3CCC(Cl)CC3)N21,LR00275
CC[C@@H]1CC[C@@H](C(O)N2CCN(C(C)O)[C@H](C)C2)N1[C@@H](O)[C@@H]1SC2N[C@@](C)(C3CCC(Cl)CC3)[C@@H](C3CCC(Cl)CC3)N2C1C(C)C,LR00276
OC(NCCN1CCOCC1)C1NC2CC(Cl)CCC2[C@H]1[C@H]1C(C2CCCCC2)NCN1CC1CCC(Cl)CC1,LR00277
CC[C@@H](C(O)OC(C)(C)C)N1[C@H](O)[C@@H](CC(O)O)C[C@H]([C@@H]2CCCC(Cl)C2)[C@H]1C1CCC(Cl)CC1,LR00278
CC[C@@H]([C@H](C)O)N1C(O)[C@@](C)(CC(O)O)C[C@H]([C@@H]2CCC[C@H](Cl)C2)[C@H]1C1CCC(Cl)CC1,LR00279
CC[C@@H](CO)N1C(O)[C@@H](CC(O)O)C[C@H](C2CCCC(Cl)C2)[C@H]1C1CCC(Cl)CC1,LR00280
COC1CCC([C@@H]2N[C@@H](C3CCC(Cl)CC3)[C@@H]([C@H]3CC[C@@H](Cl)CC3)N2C(O)N2CCNC(O)C2)C(OC(C)C)C1,LR00281
COC1CCC([C@@H]2N[C@@H](C3CCC(Cl)CC3)[C@@H]([C@H]3CC[C@@H](Cl)CC3)N2C(O)N2CCNC(O)C2)C(OC(C)C)C1,LR00282
CC1N[C@H](C2CCC(Cl)CC2)[C@H](C2CCC(Cl)CC2)N1,LR00283
CC1N[C@H](C2CCC(Cl)CC2)[C@H](C2CCC(Cl)CC2)N1,LR00284
CCOC1CC(C(C)(C)C)CCC1C1N[C@@](C)(C2CCC(Cl)CC2)[C@@](C)(C2CCC(Cl)CC2)N1,LR00285
C[C@H]1N[C@@](C)(C2CCC(Cl)CC2)[C@@](C)(C2CCC(Cl)CC2)N1C(O)N1CCN(CCCS(C)(O)O)CC1,LR00286
CC(C)(C)C[C@@H]1N[C@@H](C(O)NCC[C@H](O)CO)[C@H](C2CCCC(Cl)C2)[C@@]1(CN)C1CCC(Cl)CC1,LR00287
CC(C)(C)C[C@@H]1N[C@@H](C(O)NCC[C@H](O)CO)[C@H](C2CCCC(Cl)C2F)[C@@]1(CN)C1CCC(Cl)CC1F,LR00288
CN1C(O)[C@H](CC2CCCCC2)O[C@@H](C2CCC(Br)CC2)[C@H]1C1CCC(Br)CC1,LR00289
CN1C(O)[C@H](CC2CCCCC2)O[C@@H](C2CCC(Cl)CC2)[C@H]1C1CCC(Cl)CC1,LR00290
CCC[C@H](C(O)O)N1C(O)[C@H](CC2CCC(F)CC2)O[C@@H](C2CCC(Cl)CC2)[C@H]1C1CCC(Cl)CC1,LR00291
CC(C)(C)C[C@@H]1N[C@@H](C(O)NCCN)[C@H]([C@@H]2CCC[C@H](Cl)C2F)[C@]12C(O)NC1CC(Cl)CCC12,LR00292
CC[C@@H](CO)N1C(O)[C@H](CC(O)O)O[C@@H](C2CCCC(Cl)C2)[C@H]1C1CCC(Cl)CC1,LR00293
CC(O)N1CCC[C@H]([C@]2(CC3CCCC(Cl)C3)C(O)NC3CC(Cl)CCC32)C1,LR00294
CC(C)(C)C[C@@H]1N[C@@H](C(O)NC2CCC(C(N)O)CC2)[C@H](C2CCCC(Cl)C2F)[C@]12C(O)NC1CC(Cl)CCC12,LR00295
COC1C[C@H](C(N)O)CCC1NC(O)[C@@H]1N[C@@H](CC(C)(C)C)[C@@]2(C(O)NC3CC(Cl)SC32)[C@H]1C1CCCC(Cl)C1F,LR00296
CC(C)(C)NC(O)[C@@]1([C@@H]2C3CCC(Cl)CC3NC2C(O)O)N2[C@H](O)[C@]21C1CCC(OCC2CCC(Cl)CC2)CC1,LR00297
CC(C)C[C@H](N[C@H](C1C2CCC(Cl)CC2N[C@H]1[C@@H](O)NO)[C@@H](O)NCC1CCCCC1)[C@@H](O)NO,LR00298
CC(C)C[C@H](N[C@H](C1C2CCC(Cl)CC2N[C@H]1[C@@H](O)NO)[C@@H](O)NCC1CCCCC1)[C@@H](O)NO,LR00299
CCCCCCC[C@@](C)(N)CO,LR00300
CC[C@@H](CS(O)(O)C(C)(C)C)N1C(O)[C@@](C)(CC(O)O)C[C@H](C2CCCC(Cl)C2)[C@H]1C1CCC(Cl)CC1,LR00301
CC(C)(C)S(O)(O)C[C@H](C1CC1)N1C(O)[C@@H](CC(O)O)O[C@H](C2CCCC(Cl)C2)[C@H]1C1CCC(Cl)CC1,LR00302
CC[C@@H](CS(O)(O)C(C)(C)C)N1C(O)[C@@H](CC(O)O)O[C@H](C2CCCC(Cl)C2)[C@H]1C1CCC(Cl)CC1,LR00303
CC(C)(C)S(O)(O)C[C@H](C1CC1)N1[C@H](C2CCC(Cl)C(F)C2)[C@@H](C2CCCC(Cl)C2)C[C@](C)(CC2NCC(CC(O)O)S2)[C@H]1O,LR00304
CC(C)(C)S(O)(O)C[C@H](C1CC1)N1C(O)[C@](C)(CC2CCC(C(O)O)CN2)O[C@H](C2CCCC(Cl)C2)[C@H]1C1CCC(Cl)CC1,LR00305
CC(C)(C)S(O)(O)C[C@H](C1CC1)N1C(O)[C@@](C)(C[C@H]2CCC(C(O)O)CN2)C[C@H](C2CCCC(Cl)C2)[C@H]1[C@H]1CC[C@H](Cl)CC1,LR00306
CC(C)(C)S(O)(O)C[C@H](C1CC1)N1C(O)[C@@](C)(CC2CCC(C(O)O)CN2)O[C@H](C2CCCC(Cl)C2)[C@H]1C1CCC(Cl)CC1,LR00307
CC[C@@H](CS(O)(O)C(C)(C)C)N1C(O)[C@H](CC(O)O)O[C@H](C2CCCC(Cl)C2)[C@H]1C1CCC(Cl)CC1,LR00308
CC1CCC[C@@H]([C@@H]2N[C@@H](C(O)O)[C@H]([C@@H]3CCCC(Cl)C3)N2C2CC(Cl)CCC2C)C1,LR00309
CC[C@@H](C1CCCC(C2CC2)N1)N1C(O)[C@@](C)(CC(O)O)C[C@H](C2CCCC(Cl)C2)[C@H]1C1CCC(Cl)CC1,LR00310
C[C@]1(CC(O)O)C[C@H](C2CCCC(Cl)C2)[C@@H](C2CCC(Cl)CC2)N([C@H](CS(O)(O)N2CCCC2)C2CC2)C1O,LR00311
CCCCCCC[C@@](C)(N)CO,LR00312
CN1[C@@H](O)C(CC2CCC(Cl)CC2)[C@H]([C@H]2CNC3C[C@H](Cl)CC[C@H]32)[C@@]1(O)CC1CCC(Cl)CC1,LR00313
O[C@@H]1O[C@](O)(CC2CCC(Cl)CC2)[C@H](C2CNC3CC(Cl)CCC32)C1CC1CCC(Cl)CC1,LR00314
CCOC1CC2CC(O)N(C3CCC(C)CC3OCC3NNNN3)[C@@H](C3CCC(Cl)CC3)C2CC1OCC,LR00315
COC1CC2CC(O)N(C3CCC(N(C)C[C@H]4CC[C@H](N5CCN(C)C(O)C5)CC4)CC3)[C@@H](C3CCC(Cl)CC3)C2CC1OC(C)C,LR00316
CC[C@@H](C)OC1CC2C(CC1OC)CC(O)N(C1CCC(N(C)CC3CCNCC3)CC1)[C@H]2C1CCC(Cl)CC1,LR00317
CC(C)C[C@@H](CO)N[C@@H](C)O,LR00318
CCN1NN[C@@H]2C3CCCCC3[C@H]3C(NNN3CC)C3CCCCC3C21,LR00319
COC1CCC([C@@H]2N[C@@H](C3CCC(Cl)CC3)[C@@H]([C@H]3CC[C@@H](Cl)CC3)N2C(O)N2CCNC(O)C2)C(OC(C)C)C1,LR00320
OC(O)CCC(O)NCCCCCCO[C@H](O)[C@@H]1NC2CC(Cl)CCC2[C@H]1[C@H]1[C@H]([C@H]2CC[C@H](F)CC2)NCN1CC1CCC(Cl)CC1,LR00321
OC(O)CCC(O)NCCCCCCO[C@H](O)[C@@H]1NC2CC(Cl)CCC2[C@H]1[C@H]1[C@H]([C@H]2CC[C@H](F)CC2)NCN1CC1CCC(Cl)CC1,LR00322
CC(C)(C)CN1C[C@@H](N)[C@H](C2CCCC(Cl)C2)[C@]12C(O)NC1CC(Cl)CCC12,LR00323
OC(O)CN1CC[C@H]2[C@@H]1[C@H](C1CCCC(Cl)C1)[C@@]1(C3CC[C@H](Cl)CC3N[C@@H]1O)N2CC1CC1,LR00324
CCOC1CCCC(CN2[C@@H](C)[C@@H](N)[C@H](C3CCCC(Cl)C3F)[C@]23C(O)NC2CC(Cl)CCC23)C1,LR00325
OC(O)C1CCC([C@H]2C[C@H]3[C@@H](N2)[C@H]([C@@H]2CCC[C@H](Cl)[C@H]2F)[C@]2(C(O)N[C@@H]4CC(Cl)CC[C@H]42)N3CC2CC2)CC1,LR00326
COC1CCCCC1N1NC2C(C1C(C)C)[C@H](C1CCC(Cl)CC1C)N(C1CC(Cl)CCC1OCCN(C)C)C2O,LR00327
CC(C)(C)NC(O)[C@@H]([C@@H]1C2CCC(Cl)CC2NC1C(O)O)N(CO)CC1CC(F)C(F)C(F)C1,LR00328
COC1NCC(C2NC3C(O)N(C4CC(Cl)CN(C)C4O)[C@@H](C4CCC(Cl)CC4)[C@@H]3N2C(C)C)C(OC)N1,LR00329
CC(C)(C)C[C@@H]1N[C@@H](C(O)N[C@H]2CC[C@H](O)CC2)[C@H]([C@@H]2CCCC(Cl)C2F)[C@]12C(O)NC1CC(Cl)CCC12,LR00330
N[C@H](CO)CCCCNCS,LR00331
N[C@H](CO)CCCCNCS,LR00332
CCCCCCC[C@@](C)(N)CO,LR00333
N[C@H](CO)CC1CNC2C[C@H](Cl)CCC12,LR00334
COC1CCC([C@@H]2N[C@@H](C3CCC(Cl)CC3)[C@@H]([C@H]3CC[C@@H](Cl)CC3)N2C(O)N2CCNC(O)C2)C(OC(C)C)C1,LR00335
COC1CCC([C@@H]2N[C@@H](C3CCC(Cl)CC3)[C@@H]([C@H]3CC[C@@H](Cl)CC3)N2C(O)N2CCNC(O)C2)C(OC(C)C)C1,LR00336
CCCCCCC[C@@](C)(N)CO,LR00337
COC1NCC([C@@H]2NC3C(O)N(C4CC(Cl)CCC4C)[C@@H](C4CCC(Cl)CC4C)C3N2C(C)C)C(OC)N1,LR00338
CCN1NNC2C3CCC([N+](C)(C)C)CC3C3C(NNN3CC)C3CCC(N(C)C)CC3C21,LR00339
OC1NC[C@H]2[C@@H]1[C@H](C1CCCC(Cl)C1F)[C@]1(C(O)NC3CC(Cl)CCC31)N2CC1CC1,LR00340
N[C@@H](CO)CC1CNC2CC(F)CCC12,LR00341
COC1NC(N(C)C)NCC1N1NC2C(C1C(C)C)[C@H](C1CCC(CN)CC1)N(C1CC(Cl)CNC1O)C2O,LR00342
CC(C)C1NNC2C1[C@H]([C@@H]1CCC(Cl)CC1C)N(C1CCCC(Cl)C1F)C2O,LR00343
CN(C)CCCN(C)[C@H]1CCN([C@@H](O)[C@H]2NC3CC(Cl)CCC3[C@H]2[C@H]2[C@H](C3CCCCC3)NCN2CC2CC[C@@H](Cl)CC2CO)C1,LR00344
CC(C)(C)NC(O)CC1CC[C@@H](Cl)CC1N1C(C2CCCCC2)N[C@@H](C2NNNN2)[C@@H]1[C@@H]1CCC(F)C(Cl)C1,LR00345
C[C@@H](C1CCC(Cl)CC1)N1CNC(C2CCCCC2)C1[C@@H]1C2CCC(Cl)CC2NC1C(O)NCCN1CCN(C2CCCCC2)CC1,LR00346
COC1NC(N(C)C)NCC1N1NC2C(C1C(C)C)[C@H](C1CCC(CN)CC1)N(C1CC(Cl)CNC1O)C2O,LR00347
COC1NCC(C2NC3C([C@H](C4CCC(Cl)CC4)N([C@@H](C)C4CCCC(Cl)C4)C3O)N2C(C)C)C(OC)N1,LR00348
COC1CCCC2C(C(O)N[C@H]3CCN(C4CCC(C)CC4)C3)CNC12,LR00349
CCCCCCC[C@@](C)(N)CO,LR00350
CCCCCCC[C@@](C)(N)CO,LR00351
CCCN1C[C@H](CN(C)C(O)[C@@H]2C[C@H](C3CCCC3[C@@H]3CC(C(O)N(C)CC4CN(CC)NN4)SC3C)C(C)S2)NN1,LR00352
CC(C)(O)[C@@H]1CC(F)[C@H]2C(C1)C(O)N(CC1CCC(Cl)CN1)[C@@]2(OCC1(C(N)O)CC1)C1CCC(Cl)CC1,LR00353
CC(C)(O)C1CC(F)[C@H]2C(C1)C(O)N(CC1CCC(Cl)CN1)[C@@]2(OCC1(O)CC1)C1CCC(Cl)CC1,LR00354
CC(C)(O)[C@@H]1CC(F)[C@H]2C(C1)C(O)N(CC1CCC(CN)CN1)[C@@]2(OCC1(CO)CC1)[C@H]1CC[C@@H](Cl)CC1,LR00355
[O-][N@@H+](O)C1CCC(CN2C(O)C3CCCC(Cl)C3[C@]2(OCC2(CO)CC2)C2CCC(Cl)CC2)CC1,LR00356
CC(C)(O)[C@@H]1CC(F)[C@H]2C(C1)C(O)N(CC1CC[C@@H](Cl)CN1)[C@@]2(OCC1(CO)CC1)[C@H]1CC[C@@H](Cl)CC1,LR00357
CCC1CCC(CN2C(O)C3C[C@H](C(C)(C)O)CC[C@@H]3[C@]2(OCC2(CO)CC2)C2CCC(Cl)CC2)CC1,LR00358
COC1CCC([C@@H]2N[C@@H](C3CCC(Cl)CC3)[C@@H]([C@H]3CC[C@@H](Cl)CC3)N2C(O)N2CCNC(O)C2)C(OC(C)C)C1,LR00359
COC1CCC([C@@H]2N[C@@H](C3CCC(Cl)CC3)[C@@H]([C@H]3CC[C@@H](Cl)CC3)N2C(O)N2CCNC(O)C2)C(OC(C)C)C1,LR00360
COC1CCC([C@@H]2N[C@@H](C3CCC(Cl)CC3)[C@@H]([C@H]3CC[C@@H](Cl)CC3)N2C(O)N2CCNC(O)C2)C(OC(C)C)C1,LR00361
C[C@@H](NC1NC(C(O)O)NC2NC(C3CCC4SCCC4C3)N(CC3CCC(Cl)CC3)C21)C1CC1,LR00362
C[C@H]1CC[C@H](CN2C3[C@H]([C@H]4CNC[C@H](Cl)C4)NC([C@@H]4NOC(O)N4)C[C@H]3N[C@H]2N2CCO[C@@H]3CCC[C@H]32)CC1,LR00363
COC[C@@H](C)C1NC2CC([C@@H]3NOC(O)N3)NC(C3CNCC(Cl)C3)C2N1[C@H](C)[C@H]1CC[C@H](C)CC1,LR00364
CCO[C@H](C1CC1)C1NC2C[C@@H]([C@@H]3NOC(O)N3)NC(C3CNC[C@H](Cl)C3)C2N1[C@H](C)[C@H]1CC[C@H](C)CC1,LR00365
COC1CCC([C@H]2N[C@@H](C3CC[C@H](Cl)C(Cl)C3)[C@@H]([C@H]3CCC(Cl)C(Cl)C3)N2C(O)N2CCNC(O)C2)C(OC(C)C)C1,LR00366
COC1CC[C@@H](C2N[C@@H](C3CCC(Cl)CC3)[C@@H](C3CCC(Cl)CC3)N2C(O)N2CCNC(O)C2C)[C@H](OC(C)C)C1,LR00367
N[C@H](CO)CC1CCCC(C(F)(F)F)C1,LR00368
CCCCCCC[C@@](C)(N)CO,LR00369
COC1CCC([C@@H]2N[C@@H](C3CCC(Cl)CC3)[C@@H]([C@H]3CC[C@@H](Cl)CC3)N2C(O)N2CCNC(O)C2)C(OC(C)C)C1,LR00370
COC1CCC([C@@H]2N[C@@H](C3CCC(Cl)CC3)[C@@H]([C@H]3CC[C@@H](Cl)CC3)N2C(O)N2CCNC(O)C2)C(OC(C)C)C1,LR00371
CC1C2NN3C(C[C@H]4[C@@H]3[C@H](C3CCCC(Cl)C3F)[C@]3(C(O)NC5CC(Cl)CCC53)N4CC3CC3)C2CC[C@@H]1C(O)O,LR00372
CC(C)C[C@H](N)CNCO,LR00373
CN(C)CCCN(C)[C@H]1CCN([C@H](O)C2NC3CC(Cl)CCC3C2[C@H]2C(C3CCCCC3)NCN2CC2CCC(Cl)CC2)C1,LR00374
COC1CCC(C2N[C@@H](C3CCC(Cl)CC3)[C@@H]([C@H]3CC[C@H](Cl)CC3)N2C(O)N2CCNC(O)C2)C(OC(C)C)C1,LR00375
COC1CCC(C2N[C@@H](C3CCC(Cl)CC3)[C@@H]([C@H]3CC[C@H](Cl)CC3)N2C(O)N2CCNC(O)C2)C(OC(C)C)C1,LR00376
COC1CCC(C2N[C@@H](C3CCC(Cl)CC3)[C@@H]([C@H]3CC[C@H](Cl)CC3)N2C(O)N2CCNC(O)C2)C(OC(C)C)C1,LR00377
CC(O)N1CC2C(C3CCC(C(O)N4CCCC5CCCCC54)CC3)CNN2C[C@@H]1CC1CCCCC1,LR00378
NC1NCNC2C1NCN2[C@@H]1O[C@H](CO[PH](O)(O)O)[C@@H](O)[C@H]1O[C@H]1O[C@H](CO[PH](O)(O)O)[C@@H](O)[C@H]1O,LR00379
NC1NCNC2C1NCN2[C@@H]1O[C@H](CO[PH](O)(O)O)[C@@H](O)[C@H]1O[C@H]1O[C@H](CO[PH](O)(O)O)[C@@H](O)[C@H]1O,LR00380
CC(O)N[C@@H]1CCCC(CNC(O)[C@H](CC2CCC(O[PH](O)(O)O)CC2)NC(O)CC2CCC(F)CC2)C1,LR00381
CC1CC(CNC(O)[C@H](CC2CCC(O[PH]([O-])([O-])O)CC2)NC(O)CC2CCC(F)CC2)CCC1F,LR00382
CCC1CC(CNC(O)[C@H](CC2CCC(O[PH]([O-])([O-])O)CC2)NC(O)CC2CCC(F)CC2)CCC1F,LR00383
[O-][PH]([O-])(O)OC1CCC(C[C@H](NC(O)CC2CCC(F)CC2)C(O)NCC2CCC(F)CC2)CC1,LR00384
CCCC1CC(CNC(O)[C@H](CC2CCC(O[PH]([O-])([O-])O)CC2)NC(O)CC2CCC(F)CC2)CCC1F,LR00385
CCCC1CC(CNC(O)[C@H](CC2CCC(O[PH]([O-])([O-])O)CC2)NC(O)CC2CCC(F)CC2)CCC1F,LR00386
CC1NC2NC(C(C)C)CC(O)N2N1,LR00387
CS(O)(O)NCCC1CCC(F)CC1,LR00388
CC1CC(CN2NC(C)CCC2O)ON1,LR00389
C1CNC(N2CC[C@]3(CCOC3)C2)CN1,LR00390
OC1CN(C(C2CCCCC2)C2CCCCC2)C1,LR00391
CC[C@@]1(O)CCN(C2CCC(F)CN2)C1,LR00392
C[C@]1(O)C[C@@H](NC2NCCCC2F)C1,LR00393
CC(O)N1C[C@H]2CC[C@@H]1C1CCCC[C@@H]12,LR00394
CC1C[C@H](N2CCCCC2)NC(CO)N1,LR00395
O[C@@H](NC1CC1)[C@@H]1CNN2CCCNC12,LR00396
CS(O)(O)C1NCCN1CC1CSCN1,LR00397
CC[C@H]1NN[C@H](N[C@@H](O)[C@H]2CCCO2)S1,LR00398
CC(O)N1CCN(C(N)O)CC1,LR00399
CCCC1CC(O)OC2CC(OC(C)O)CCC12,LR00400
CCCC1CC(O)OC2CC(OC(C)O)CCC12,LR00401
OC(C1CC1)N1CCN(C(O)C2CCCO2)CC1,LR00402
CC(C)N(C)C1NCNC2C1CNN2C,LR00403
CC(C)N(C)C1NCNC2C1CNN2C,LR00404
O[C@H](C1CSNN1)N1CCOCC1,LR00405
O[C@H](C1CSNN1)N1CCOCC1,LR00406
OC(CN1CCCC1O)NC1NCCS1,LR00407
CC(O)N1CCC[C@H](CNS(C)(O)O)C1,LR00408
OC(NC1CC1)C1CCC2OCOC2C1,LR00409
CC(O)NCC1CCNC(N(C)C)C1,LR00410
CCOC(O)CN1CCS(O)(O)CC1,LR00411
CC1CCCC(C(O)N2CCC(C(N)O)CC2)C1,LR00412
COC1CCCC[C@H]1C1NNCO1,LR00413
C[C@H](CS(N)(O)O)C1CCCCC1,LR00414
COC(O)N1CCN(C2CCC(F)CC2)CC1,LR00415
FC1CCC(NC2CCOCC2)NC1,LR00416
CC(O)NC1CC2OCOC2CC1C,LR00417
CNC1CCCCC1S(C)(O)O,LR00418
CN(C)C(O)C1CCC2NCCCC2C1,LR00419
NC(S)NC1CCCCC1OC(F)(F)F,LR00420
OCC1CN(C2CCC(Cl)CC2)NN1,LR00421
CCOC1CCCC[C@H]1N1CCNCC1,LR00422
CC1NCCN1CC1CCCC(CN)C1,LR00423
CN1CCCC2CCC(S(N)(O)O)CC21,LR00424
CN1CCCC2CCC(S(N)(O)O)CC21,LR00425
CC1CC(N2CCNCC2)NC(C)N1,LR00426
CN(C)C1NOC(C2CCNCC2)N1,LR00427
CC1NS[C@H](N2CCCNCC2)N1,LR00428
NC1CCC(S(O)(O)NC2CCCCN2)CC1,LR00429
CNC(O)C1CCC(S(N)(O)O)CC1,LR00430
NC(O)N1CCN(C2CCC(F)CC2)CC1,LR00431
CCC1CSC(C2CNCN2)N1,LR00432
CCC1NCC(CNC)S1,LR00433
C1CO[C@@H](CNC2CCNCC2)C1,LR00434
CS(O)(O)CC1NC2CCCCC2N1,LR00435
C[C@@H](O)C1CNN(C2CCCC2)C1,LR00436
CS(O)(O)NCC1CCNCC1,LR00437
OC(O)COC1CCC(F)CC1,LR00438
CC(O)N[C@H]1CN[C@@H]2CCCCC2C1,LR00439
CNS(O)(O)CC1CC(C)ON1,LR00440
C[C@H](OC1CCC(C2CCCCC2)CC1)C([O-])O,LR00441
OC(O)[C@H]1CCCN([C@H](O)CC2CCC(F)CC2)C1,LR00442
CN1CC[C@H](O[C@H]2CCCC(F)C2)C1O,LR00443
CCNC1CCN(C2CCNCC2)CC1,LR00444
CN1CCO[C@@H](CNC2NCCS2)C1,LR00445
CC1NN(C)C2C(O)NNCC12,LR00446
CC1CCCC([C@@H](O)NCC(O)O)C1,LR00447
CS(O)(O)NCCC1CCCCC1,LR00448
CN(C)C(O)N1CCOC[C@@]12CCOC2,LR00449
NC(O)N1CCN(C(O)C2CCCO2)CC1,LR00450
CCCCN(C)C1CCS(O)(O)CC1,LR00451
CCCCN(C)C1CCS(O)(O)CC1,LR00452
CO[C@H]1CN(C[C@H]2CNCS2)CC[C@H]1C,LR00453
CC1(C)CN(C2NCCCC2F)C[C@@H]1O,LR00454
COCC(O)NCC1CCCCC1,LR00455
C[C@H](NC(O)C1CC1)C1CCCNC1,LR00456
COC1CN(S(O)(O)N2CCCC2)C1,LR00457
O[C@@H](N1CCOCC1)N1CCCC(F)C1,LR00458
OS1(O)CCN(CC2CCCO2)CC1,LR00459
CN1CCC([C@H](O)NC[C@H]2CCCO2)N1,LR00460
CCN1CC(NC(O)C2CCC2)CN1,LR00461
CCC1NC(CN2CCCCC2O)NO1,LR00462
CC(O)N1CCCC2(CCCCCC2)C1,LR00463
CC1NN[C@H](N2CCCCC2)S1,LR00464
C[C@@H]1CN(C(O)C2CNSN2)[C@H](C)CO1,LR00465
OC([C@H]1CCC2OCOC2C1)N1CCCCCC1,LR00466
CC(O)NC1CCC(CN2CCOCC2)CC1,LR00467
CC(C)N1CCN(C(O)[C@H]2CCCS2)CC1,LR00468
OC(C1CC1)N1CCN(C2CCC(F)CC2)CC1,LR00469
CC1C(Cl)CCC[C@H]1NC(O)[C@@H]1CCCO1,LR00470
OC(COC(F)F)N1C[C@H]2CCC[C@H]2C1,LR00471
COC(O)[C@@H]1C[C@@H](O)CN1C(O)C1CCCO1,LR00472
CS(O)(O)N[C@H]1CCOC2(CCCC2)C1,LR00473
C[C@@H](NS(C)(O)O)C1CCCCC1Cl,LR00474
CN(CC(O)N1CCCCC1)S(C)(O)O,LR00475
CC1C([C@@H](C)NS(C)(O)O)CNN1C,LR00476
CC[C@@H](O)N1CCC[C@@H](NS(C)(O)O)C1,LR00477
NS(O)(O)C1CCCCC1OC(F)F,LR00478
OC(C1CNNC1)N1CCCC1,LR00479
OC1CN(CC2CCCCC2)CC(O)N1,LR00480
CCC(O)NC1NC(C)CS1,LR00481
OC(O)COCC1CCCCC1,LR00482
CC[C@H](NC)C1CCNCC1,LR00483
CC(O)N1CCN(C2CCC(Cl)CC2)CC1,LR00484
CC(O)[C@H]1CCC2SC3CCCCC3N(CCCN(C)C)C2C1,LR00485
CCOC1CC(Cl)CCC1N1C(CN2CCNCC2)NC2CCC(F)CC2C1O,LR00486
CCN1NC[C@H]([C@H](O)N(C)[C@H]2C[C@@H](C3CCCC(C(F)(F)F)C3)C2)C1C1CCCCC1,LR00487
CNC(O)C1CCC(CNC[C@@H]2CCC(N3CCNC3)[C@H]([C@@H]3CN(CC4CCC(OC)CC4)NC3C)C2)CC1,LR00488
CNC(O)[C@H](CC1CCNCC1)NC(O)[C@@H]1C[C@@H](C2CCCCC2)CN1C(O)C[C@H](N)C1CCCCC1OC,LR00489
CNC(O)[C@H](CC1CCNCC1)NC(O)[C@@H]1C[C@@H](C2CCCCC2)CN1C(O)C[C@H](N)C1CCCO1,LR00490
CNC(O)[C@H](CC1CCNCC1)NC(O)[C@@H]1C[C@@H](C2CCCCC2)CN1C(O)C[C@H](N)C1CCCCC1OCCOCCO,LR00491
CS[C@@H]1CC(F)CC[C@H]1C1CCC(C(O)NCC2CCCCC2)C(S(C)(O)O)C1,LR00492
C[C@H]1NC(C2CCC3C(C2)CC(O)N3C)CS1,LR00493
CCCO[C@@H]1CC(OCCCCN(C)C)C[C@H](OC2CC3C(C[C@H]2NS(O)(O)C2CCC(OC)C(OC)C2)N(C)C(O)N3C)C1,LR00494
CC1CC(C[C@@H](O)N2C[C@H](O)C[C@H]2C(O)NCC2CCC(C3CNCO3)CC2)ON1,LR00495
CC1C[C@@H](C[C@@H](O)N2C[C@H](O)C[C@H]2C(O)NCC2CCC(C3CCCCC3)CC2)ON1,LR00496
CO[C@H](O)C1CCC(CNC(O)[C@@H]2C[C@@H](O)CN2[C@H](O)CC2CC(C)NO2)CC1,LR00497
CC1CC(CC(O)N2C[C@H](O)C[C@H]2C(O)NCC2CCC(N(O)O)CC2)ON1,LR00498
CNC(O)[C@@H]1C[C@@H](O)CN1C(C)O,LR00499
OC(NCC1CCC(Cl)CC1)[C@@H]1C[C@@H](O)CN1C(O)C1CCCCC1Cl,LR00500
CC1NCS[C@H]1C1CCC(CNC(O)[C@@H]2C[C@@H](O)CN2C(O)[C@@H]2CCC[C@H](N)C2C)CC1,LR00501
C[C@H](O)N1C[C@H](O)C[C@H]1C(O)NCC1CCC(C2CNCO2)CC1,LR00502
CNC(O)[C@@H]1C[C@@H](O)CN1C(O)C[C@@H]1CC(C)NO1,LR00503
CC(C)(C)C[C@@H](O)N1C[C@H](O)C[C@H]1C(O)NCC1CCC(C2CNCO2)CC1,LR00504
CC1NCOC1C1CCC(CN[C@@H](O)[C@@H]2C[C@@H](O)CN2[C@H](O)CC(C)(C)C)CC1,LR00505
CC(C)(C)C[C@@H](O)N1C[C@H](O)C[C@H]1C(O)NCC1CCC(C2CNCS2)CC1,LR00506
CC1NCSC1C1CCC(CN[C@@H](O)[C@@H]2C[C@@H](O)CN2C(O)CC(C)(C)C)CC1,LR00507
CC1CC(CNC(O)[C@@H]2C[C@@H](O)CN2[C@H](O)CC(C)(C)C)CCC1C1CNCS1,LR00508
CC1NCSC1C1CCC(CN[C@@H](O)[C@@H]2C[C@@H](O)CN2C(O)[C@@H](N[C@@H](C)O)C(C)(C)C)CC1,LR00509
CC1NCSC1C1CCC(CNC(O)[C@@H]2C[C@@H](O)CN2[C@@H](O)[C@@H]2C[C@@H](O)CN2C(C)O)CC1,LR00510
CC(C)C[C@H](NC(C)O)C(O)N[C@H](C(O)N1C[C@H](O)C[C@H]1C(O)NCC1CCC([C@@H]2SCNC2C)CC1)C(C)(C)C,LR00511
CC(O)N[C@@H](CC1CCCCC1)[C@@H](O)N[C@H](C(O)N1C[C@H](O)C[C@H]1[C@H](O)NCC1CCC(C2SCNC2C)CC1)C(C)(C)C,LR00512
CC(O)N[C@H]([C@@H](O)N[C@H](C(O)N1C[C@H](O)C[C@H]1C(O)NCC1CCC(C2SCNC2C)CC1)C(C)(C)C)C(C)(C)C,LR00513
CC1NCSC1C1CCC(CN[C@@H](O)[C@@H]2C[C@@H](O)CN2C(O)[C@@H](NC(O)C2(CN)CC2)C(C)(C)C)CC1,LR00514
CC1NCSC1C1CCC(CN[C@@H](O)[C@@H]2C[C@@H](O)CN2C(O)[C@@H](N[C@H](O)CO)C(C)(C)C)CC1,LR00515
CC1NCSC1C1CCC(CN[C@@H](O)[C@@H]2C[C@@H](O)CN2C(O)[C@@H](N[C@H](O)C2CC2)C(C)(C)C)CC1,LR00516
CC1NCSC1C1CCC(CN[C@@H](O)[C@@H]2C[C@@H](O)CN2[C@H](O)[C@@H](N[C@H](O)C2(F)CC2)C(C)(C)C)CC1,LR00517
CC(O)N[C@@H](C)[C@H](O)N1C[C@H](O)C[C@H]1C(O)NCC1CCC(C2SCNC2C)CC1,LR00518
CC1NCSC1C1CCC(CN[C@@H](O)[C@@H]2C[C@@H](O)CN2C(O)[C@@H](NC(O)C2(C(C)O)CC2)C(C)(C)C)CC1,LR00519
CC(O)NC1(C(O)N[C@H](C(O)N2C[C@H](O)C[C@H]2[C@H](O)NCC2CCC(C3SCNC3C)CC2)C(C)(C)C)CC1,LR00520
CC1NCSC1C1CCC(CN[C@@H](O)[C@@H]2C[C@@H](O)CN2[C@H](O)[C@@H](N[C@H](O)C2CCC2)C(C)(C)C)CC1,LR00521
CC1NCSC1C1CCC(CNC(O)[C@@H]2C[C@@H](O)CN2C(O)[C@@H](N[C@H](O)C2COC2)C(C)(C)C)CC1,LR00522
CC(O)N[C@@H](C)[C@H](O)N1C[C@H](O)C[C@H]1[C@H](S)NCC1CCC(C2SCNC2C)CC1,LR00523
CC(O)N[C@@H](C)[C@H](S)N1C[C@H](O)C[C@H]1C(O)NCC1CCC(C2SCNC2C)CC1,LR00524
CC(O)N[C@@H](C)[C@H](S)N1C[C@H](O)C[C@H]1[C@H](S)NCC1CCC(C2SCNC2C)CC1,LR00525
CC(O)N[C@H](C(O)N1C[C@H](O)[C@H](F)[C@H]1[C@H](O)NCC1CCC(C2SCNC2C)CC1)C(C)(C)C,LR00526
CC(O)N[C@H]([C@@H](O)N1C[C@H](O)[C@@H](F)[C@H]1[C@H](O)NCC1CCC(C2SCNC2C)CC1)C(C)(C)C,LR00527
OCC1CCC(N2CCCC2)CC1,LR00528
CNC(O)C[C@H](NC(O)[C@@H]1C[C@@H](O)CN1C(O)[C@@H](NC(O)C1(F)CC1)C(C)(C)C)C1CCC([C@@H]2SCNC2C)CC1,LR00529
COCCOC1CC(Cl)CCC1[C@H](C)NC(O)[C@@H]1C[C@@H](O)CN1[C@H](O)[C@H](C(C)C)C1CC(C)NO1,LR00530
COCCO[C@@H]1C[C@H](C2SCNC2C)CC[C@H]1[C@H](C)NC(O)[C@@H]1C[C@@H](O)CN1C(O)[C@H](C(C)C)[C@@H]1CC(C)NO1,LR00531
COCCO[C@@H]1CC(C2SCNC2C)CC[C@H]1CNC(O)[C@@H]1C[C@@H](O)CN1C(O)[C@H](C(C)C)[C@@H]1CC(C)NO1,LR00532
CC1C[C@@H]([C@@H](C(C)C)[C@@H](O)N2C[C@H](O)C[C@H]2C2NO[C@](C)(C3CCC([C@@H]4SCNC4C)CC3)N2)ON1,LR00533
CC1CC([C@@H](C(C)C)C(O)N2C[C@H](O)C[C@H]2C(O)NOC2CCC(C3SCNC3C)CC2)ON1,LR00534
CC1NCS[C@@H]1C1CC2CCC[C@H](NC(O)[C@@H]3C[C@@H](O)CN3C(O)[C@@H](NC(O)C3(F)CC3)C(C)(C)C)C2CC1F,LR00535
CC1CC(C2SCNC2C)CCC1[C@H](C)NC(O)[C@@H]1C[C@@H](O)CN1C(O)[C@@H](NC(O)C1(F)CC1)C(C)(C)C,LR00536
COC1CC(C2SCNC2C)C(F)CC1[C@H](C)NC(O)[C@@H]1C[C@@H](O)CN1C(O)[C@@H](NC(O)C1(F)CC1)C(C)(C)C,LR00537
CC1NCS[C@H]1C1CCC(CNC(O)[C@H]2C[C@@H](O)CN([C@@H]3CCCCN3)[C@H]2O)CC1,LR00538
O[CH2][Re@OH28]([OH])([CH2]O)([CH2]O)[N]1CCNC1,LR00539
O[CH2][Re@OH25]([CH2]O)([CH2]O)([N]1CCNC1)[N]1CCNC1,LR00540
COCCOCCOC1C[C@@H]([C@@H](C(C)C)[C@@H](O)N2C[C@H](O)C[C@H]2C(O)N[C@@H](C)C2CCC([C@@H]3SCNC3C)CC2)ON1,LR00541
CC1NCSC1C1CCC(CN[C@@H](O)[C@@H]2C[C@@H](O)CN2C(O)[C@@H](N[C@@H](C)O)C(C)(C)C)CC1,LR00542
CC1NCSC1C1CCC(CNC(O)[C@@H]2C[C@@H](O)CN2C(O)[C@@H](N2CC(C3CC3)NN2)C(C)(C)C)CC1,LR00543
CC1NCS[C@H]1C1CCC(CNC(O)[C@@H]2C[C@@H](O)CN2C(O)[C@@H](NC(O)C2(F)CC2)C(C)(C)SC[C@H]2CC[C@@H](CN3CCOCC3)CC2)CC1,LR00544
CC1NCSC1C1CCC(CNC(O)[C@@H]2C[C@@H](O)CN2C(O)[C@@H](NC(O)C2(F)CC2)C(C)(C)SC[C@H]2CC[C@H](CN3CCOCC3)CC2)CC1,LR00545
CCCNC(O)CN1CCN(CCN2[C@H](CCC3CCC(OCCCN(C)C)CC3)N[C@@H]3C[C@H](C4C(C)NOC4C)CC[C@@H]32)CC1,LR00546
CCCCN[C@@H](O)CN1CCN(CCN2C(CCC3CCC(OCCCN(C)C)CC3)NC3C[C@H]([C@H]4C(C)NOC4C)CCC32)CC1,LR00547
O[CH2][Re@OH28]([OH])([CH2]O)([CH2]O)[N]1CCNC1,LR00548
O[CH2][Re@OH25]([CH2]O)([CH2]O)([N]1CCNC1)[N]1CCNC1,LR00549
CCC(O)NC1CC(OCC2CNN(C)C2)CCC1S(O)(O)N(C)C,LR00550
CC(C)N1CCN(CC2CCCCC2F)CC1,LR00551
CC1NCSC1C1CCC([C@H](C)NC(O)[C@@H]2C[C@@H](O)CN2C(O)[C@@H](NC(O)C2(F)CC2)C(C)(C)C)CC1,LR00552
CC1NCSC1C1CCC([C@H](C)NC(O)[C@@H]2C[C@@H](O)CN2C(O)[C@@H]2CCCCN2C(O)C2(F)CC2)CC1,LR00553
CN[C@@H](C)C(O)N[C@H](C(O)N1CCC[C@H]1C(O)N[C@@H]1CCCC2CCCCC21)C(C)(C)C,LR00554
CN[C@@H](C)C(O)N[C@H](C(O)N1C[C@@H](OC2CCCCC2)C[C@H]1C(O)N[C@@H]1CCCC2CCCCC21)C(C)(C)C,LR00555
CC[C@H](NC)C(O)N[C@H]1CCCC[C@H]2CC[C@@H]([C@@H](O)NC(C3CCCCC3)C3CCCCC3)N2C1O,LR00556
C[C@H](N)C1NC(C(O)N2CCC[C@H]2C(O)N[C@@H](CC2CNC3CCCCC23)C(O)O)CO1,LR00557
CC[C@H](N)C(O)N[C@H]1[C@@H](CO)CC[C@H]2CC[C@@H](C(O)NC(C3CCCCC3)C3CCCCC3)N2[C@@H]1O,LR00558
CC[C@H](N)C(O)N[C@@H]1C(O)N2[C@@H](CC[C@@H]1CN)CC[C@H]2C(O)NC(C1CCCCC1)C1CCCCC1,LR00559
CC[C@H](N)C(O)N[C@H]1[C@@H](CO)CC[C@H]2CC[C@@H](C(O)NC(C3CCCCC3)C3CCCCC3)N2[C@@H]1O,LR00560
CC[C@H](N)C(O)N[C@@H]1C(O)N2[C@@H](CC[C@@H]1CCN)CC[C@H]2C(O)NC(C1CCCCC1)C1CCCCC1,LR00561
CN[C@@H](C)C(O)N[C@@H](C1CCCCC1)C(O)N1CC[C@H](C)[C@H]1C(O)NC1CCCCC1C1NCCCN1,LR00562
CCO[C@@H]1C[C@@H]2CN(C(O)[C@@H](NC(O)[C@H](C)NC)C3CCC(F)(F)CC3)[C@H](C(O)N[C@@H]3CCOC4CCCCC43)CN2C1,LR00563
CN[C@@H](C)[C@H](O)N[C@H]1CN([C@@H](O)C2CCC(N)CC2)[C@@H]2CCCCC2N(CC2C(OC)CCC3CCCCC32)[C@@H]1O,LR00564
CN[C@@H](C)[C@H](O)N[C@@H]1C(O)N(CC2C(OC)CCC3CC(C(O)O)CCC32)C2CCCC[C@@H]2OC12CCOCC2,LR00565
NNNCCOC1CCC(C[C@H](N)C(O)O)CC1,LR00566
OCCC[C@H]1CN([C@@H]2CN[C@H](CO)C2)NN1,LR00567
NC1CCC(C[C@H](N)C(O)O)CC1,LR00568
CC(C)[C@H](NC(O)[C@H](C)[NH3+])C(N)O,LR00569
BrC1CNN(C2CC[NH2+]CC2)C1,LR00570
OC(CN1CC[NH2+]CC1)N1CCCCC1,LR00571
C[C@H]([NH3+])C(O)NC1CCCC(N)N1,LR00572
C[C@@H]1CN(CC(O)N2CCC3CCCCC32)CC[NH2+]1,LR00573
C[C@@H]1CN(CC(O)N2CCCC2)CC[NH2+]1,LR00574
C[C@@H]1CN(CC(O)N2CC(C)(C)C3CCC(Cl)CC32)CC[NH2+]1,LR00575
C[C@@H]1CN(CC(O)N2CCC3CNC(Cl)CC32)CC[NH2+]1,LR00576
COC[C@H]1C[NH2+][C@H](C)CN1CC(O)N1CC(C)(C)C2CNC(CC3CCCCC3)CC21,LR00577
COC[C@H]1C[NH2+][C@H](C)CN1CC(O)N1CC(C)(C)C2CNC(Cl)CC21,LR00578
CC1CNN(C[C@H]2C[NH2+][C@H](C)CN2CC(O)N2CC(C)(C)C3CNC(CC4CCCCC4)CC32)C1,LR00579
COC[C@H]1C[NH2+][C@H](C)CN1CC(O)N1CC(C)(C)C2NCC(CC3CCCCC3)CC21,LR00580
C[C@@H]1CN(CC(O)N2CC(C)(C)C3NCC(CC4CCCCC4)CC32)[C@@H](C(O)N2CCOCC2)C[NH2+]1,LR00581
C[C@@H]1CN(CC(O)N2CC(C)(C)C3NCC(CC4CCC(F)CC4)CC32)[C@@H](CN2CCOC[C@H]2C)C[NH2+]1,LR00582
C[C@@H]1CN(CC(O)N2CC(C)(C)C3NCC(CC4CCCCC4)CC32)[C@@H](CN2CCCC2O)C[NH2+]1,LR00583
C[C@@H]1CN(CC(O)N2CC(C)(C)C3NC(CO)C(CC4CCC(F)CC4)CC32)[C@@H](CN2CCOC[C@H]2C)C[NH2+]1,LR00584
CC[C@H](NC)[C@H](O)N[C@H]1[C@@H](CO)CC[C@H]2CC[C@@H](C(O)NCC3CCC(C(C)(C)C)CC3)N2[C@@H]1O,LR00585
C[C@@H]1CN(CC(O)N2CC(C)(C)C3NCC([C@@H](O)C4CCC(F)CC4)CC32)[C@@H](CN2[C@H](C)COC[C@H]2C)C[NH2+]1,LR00586
C[C@@H]1CN(CC(O)N2CC(C)(C)C3NCC(CC4CCC(F)CC4)CC32)[C@@H](CN2CC3CCCCC3C2O)C[NH2+]1,LR00587
CCOCCOCC.COCCOCCOCCO,LR00588
N[C@H](CO)C1CCCCC1,LR00589
N[C@@H]1CCC2C(O[SH](O)O)CCCC21,LR00590
CC[C@H](N)C(O)N[C@H]1[C@@H](CCN)CC[C@H]2CC[C@@H](C(O)NC(C3CCCCC3)C3CCCCC3)N2[C@@H]1O,LR00591
CC[C@H](NC)C(O)N[C@@H]1C(O)N2[C@@H](CC[C@@H]1CCNCC1CCCCC1)CC[C@H]2C(O)NC(C1CCCCC1)C1CCCCC1,LR00592
N[C@@H]1SNNC1C1CCCCC1,LR00593
N[C@H](CO)C1CCCCC1,LR00594
CN[C@@H](C)C(O)N[C@@H](C1CCCCC1)C(O)N1C[C@H]2CCCN2C[C@H]1[C@@H](O)N[C@@H]1CCCC2CCCCC21,LR00595
CCO[C@@H]1C[C@@H]2CN(C(O)[C@@H](NC(O)[C@H](C)NC)C3CCC(F)(F)CC3)[C@H](C(O)N[C@@H]3CCOC4CCCCC43)CN2C1,LR00596
CN[C@@H](C)C(O)N[C@@H](C1CCCCC1)[C@@H](O)N1C[C@H]2C[C@@H]3C[C@@H]3N2C[C@H]1C(O)N[C@@H]1CCOC2CCCCC21,LR00597
CN[C@@H](C)C(O)N[C@@H](C1CCCCC1)C(O)N1C[C@H]2CCCN2C[C@H]1C(O)N[C@@H]1CCOC2CCCCC21,LR00598
CC[C@H](NC)C(O)N[C@@H](C1CCCCC1)C(O)N1C[C@H]2CCCN2C[C@H]1C(O)N[C@@H]1CCOC2CCCCC21,LR00599
CC[C@H](NC)C(O)N[C@@H](C1CCCCC1)C(O)N1C[C@@H]2CC3CCCC[C@@H]3N2C[C@H]1C(O)N[C@@H]1CCOC2CCCCC21,LR00600
C[C@@H]1CN(CC(O)N2CC(C)(C)C3NCC(CC4CCC(F)CC4)CC32)[C@@H](CN2CCOC[C@H]2C)C[NH2+]1,LR00601
CC[C@@H](O)NC[C@H]1CC[C@H]2CC[C@@H](C(O)NCC3CCCCC3)N2[C@H](O)[C@H]1NC(O)[C@H](C)NC,LR00602
CN[C@@H](C)C(O)N[C@@H](C1CCCCC1)C(O)N1CCC[C@H]1C1NC(C(O)C2CCC(F)CC2)CS1,LR00603
