Ligase,Scaffold_ID,Original_Scaffold_ID,RECRUITER_CODE,Scaffold_SMILES,Scaffold_Hash
CHIP,LR-SCAF00262,CHIP_SCAF_1,LR00001,C1CCC(CNC[C@@H]2CCC[C@H]2NC[C@@H]2NNC3CCCCC32)CC1,ae0a943b
CHIP,LR-SCAF00032,CHIP_SCAF_2,LR00002,C1CCC([C@@H](CCN2CCCC2)NC2NN[C@@H]([C@@H]3CNC4CCCCC43)O2)NC1,12507afe
CHIP,LR-SCAF00083,CHIP_SCAF_3,LR00003,C1CCC([C@@H]2CN(NC[C@H]3CNC4CCCCC43)CN2)CC1,3ceaa0de
CHIP,LR-SCAF00252,CHIP_SCAF_4,LR00004,C1CCN(C[C@H]2CNC3CCCCC32)CC1,a72f74b5
CHIP,LR-SCAF00193,CHIP_SCAF_5,LR00005,C1CCC(NCNC2CCCC(C3NC(NCC4CCCNC4)C4CNNC4N3)C2)CC1,85e4eaf2
CRBN,LR-SCAF00372,CRBN_SCAF_1,LR00006,C1CCC2CN([C@H]3CCCNC3)CC2C1,fff95c25
CRBN,LR-SCAF00372,CRBN_SCAF_1,LR00007,C1CCC2CN([C@H]3CCCNC3)CC2C1,fff95c25
CRBN,LR-SCAF00372,CRBN_SCAF_1,LR00008,C1CCC2CN([C@H]3CCCNC3)CC2C1,fff95c25
CRBN,LR-SCAF00372,CRBN_SCAF_1,LR00009,C1CCC2CN([C@H]3CCCNC3)CC2C1,fff95c25
CRBN,LR-SCAF00372,CRBN_SCAF_1,LR00010,C1CCC2CN([C@H]3CCCNC3)CC2C1,fff95c25
CRBN,LR-SCAF00372,CRBN_SCAF_1,LR00011,C1CCC2CN([C@H]3CCCNC3)CC2C1,fff95c25
CRBN,LR-SCAF00372,CRBN_SCAF_1,LR00012,C1CCC2CN([C@H]3CCCNC3)CC2C1,fff95c25
CRBN,LR-SCAF00372,CRBN_SCAF_1,LR00013,C1CCC2CN([C@H]3CCCNC3)CC2C1,fff95c25
CRBN,LR-SCAF00372,CRBN_SCAF_1,LR00014,C1CCC2CN([C@H]3CCCNC3)CC2C1,fff95c25
CRBN,LR-SCAF00253,CRBN_SCAF_2,LR00015,C1CO[C@@H](N2CCCNC2)C1,a83825cf
CRBN,LR-SCAF00372,CRBN_SCAF_1,LR00016,C1CCC2CN([C@H]3CCCNC3)CC2C1,fff95c25
CRBN,LR-SCAF00372,CRBN_SCAF_1,LR00017,C1CCC2CN([C@H]3CCCNC3)CC2C1,fff95c25
CRBN,LR-SCAF00372,CRBN_SCAF_1,LR00018,C1CCC2CN([C@H]3CCCNC3)CC2C1,fff95c25
CRBN,LR-SCAF00372,CRBN_SCAF_1,LR00019,C1CCC2CN([C@H]3CCCNC3)CC2C1,fff95c25
CRBN,LR-SCAF00372,CRBN_SCAF_1,LR00020,C1CCC2CN([C@H]3CCCNC3)CC2C1,fff95c25
CRBN,LR-SCAF00315,CRBN_SCAF_3,LR00021,C1CCC(NCNCC2CCC3CN([C@H]4CCCNC4)CC3C2)CC1,d068cd94
CRBN,LR-SCAF00318,CRBN_SCAF_4,LR00022,C1CC2CN([C@H]3CCCNC3)CC2C(OCC2CCC(CN3CCOCC3)CC2)C1,d3e00a53
CRBN,LR-SCAF00372,CRBN_SCAF_1,LR00023,C1CCC2CN([C@H]3CCCNC3)CC2C1,fff95c25
CRBN,LR-SCAF00372,CRBN_SCAF_1,LR00024,C1CCC2CN([C@H]3CCCNC3)CC2C1,fff95c25
CRBN,LR-SCAF00310,CRBN_SCAF_5,LR00025,C1CC[C@H]2CN([C@@H]3CCCNC3)C[C@@H]2C1,ce6c187c
CRBN,LR-SCAF00372,CRBN_SCAF_1,LR00026,C1CCC2CN([C@H]3CCCNC3)CC2C1,fff95c25
CRBN,LR-SCAF00372,CRBN_SCAF_1,LR00027,C1CCC2CN([C@H]3CCCNC3)CC2C1,fff95c25
CRBN,LR-SCAF00150,CRBN_SCAF_6,LR00028,C1CCC(CN[C@H]2CCCNC2)CC1,6e3a2581
CRBN,LR-SCAF00372,CRBN_SCAF_1,LR00029,C1CCC2CN([C@H]3CCCNC3)CC2C1,fff95c25
CRBN,LR-SCAF00290,CRBN_SCAF_7,LR00030,C1CCC(CN[C@H]2CCNC2)CC1,c17485d6
CRBN,LR-SCAF00034,CRBN_SCAF_8,LR00031,C1CCC2CN([C@H]3CCNC3)CC2C1,13116fd1
CRBN,LR-SCAF00372,CRBN_SCAF_1,LR00032,C1CCC2CN([C@H]3CCCNC3)CC2C1,fff95c25
CRBN,LR-SCAF00372,CRBN_SCAF_1,LR00033,C1CCC2CN([C@H]3CCCNC3)CC2C1,fff95c25
CRBN,LR-SCAF00372,CRBN_SCAF_1,LR00034,C1CCC2CN([C@H]3CCCNC3)CC2C1,fff95c25
CRBN,LR-SCAF00372,CRBN_SCAF_1,LR00035,C1CCC2CN([C@H]3CCCNC3)CC2C1,fff95c25
CRBN,LR-SCAF00372,CRBN_SCAF_1,LR00036,C1CCC2CN([C@H]3CCCNC3)CC2C1,fff95c25
CRBN,LR-SCAF00372,CRBN_SCAF_1,LR00037,C1CCC2CN([C@H]3CCCNC3)CC2C1,fff95c25
CRBN,LR-SCAF00132,CRBN_SCAF_9,LR00038,C1CCC(COCN[C@H]2CCNC2)CC1,5da7ed6d
CRBN,LR-SCAF00290,CRBN_SCAF_7,LR00039,C1CCC(CN[C@H]2CCNC2)CC1,c17485d6
CRBN,LR-SCAF00372,CRBN_SCAF_1,LR00040,C1CCC2CN([C@H]3CCCNC3)CC2C1,fff95c25
CRBN,LR-SCAF00020,CRBN_SCAF_10,LR00041,C1CCNC1,0c9c5086
CRBN,LR-SCAF00372,CRBN_SCAF_1,LR00042,C1CCC2CN([C@H]3CCCNC3)CC2C1,fff95c25
CRBN,LR-SCAF00070,CRBN_SCAF_11,LR00043,C1CCC(CCNCC2CCC3CN([C@H]4CCCNC4)CC3C2)CC1,34ce397c
CRBN,LR-SCAF00372,CRBN_SCAF_1,LR00044,C1CCC2CN([C@H]3CCCNC3)CC2C1,fff95c25
CRBN,LR-SCAF00372,CRBN_SCAF_1,LR00045,C1CCC2CN([C@H]3CCCNC3)CC2C1,fff95c25
CRBN,LR-SCAF00082,CRBN_SCAF_12,LR00046,C1CCC(NCCC[C@H]2CCCC(NC3CCN([C@H]4CCCNC4)C3)C2)CC1,39bc19a4
CRBN,LR-SCAF00352,CRBN_SCAF_13,LR00047,C1CCC2NN([C@H]3CCCNC3)NC2C1,f02c7b93
CRBN,LR-SCAF00318,CRBN_SCAF_4,LR00048,C1CC2CN([C@H]3CCCNC3)CC2C(OCC2CCC(CN3CCOCC3)CC2)C1,d3e00a53
CRBN,LR-SCAF00154,CRBN_SCAF_14,LR00049,C1CCC2NCN([C@H]3CCCNC3)CC2C1,71cbbeb3
CRBN,LR-SCAF00372,CRBN_SCAF_1,LR00050,C1CCC2CN([C@H]3CCCNC3)CC2C1,fff95c25
CRBN,LR-SCAF00172,CRBN_SCAF_15,LR00051,C1CCC([C@H]2CCCNC2)CC1,7f22b770
CRBN,LR-SCAF00199,CRBN_SCAF_16,LR00052,C1CCC(CN2CCC(C3CC[C@@H]4CN([C@H]5CCCNC5)CC4C3)CC2)CC1,899c9c02
CRBN,LR-SCAF00340,CRBN_SCAF_17,LR00053,C1CCC(SC[C@H]2CCCNC2)CC1,e48c70e3
CRBN,LR-SCAF00340,CRBN_SCAF_17,LR00054,C1CCC(SC[C@H]2CCCNC2)CC1,e48c70e3
CRBN,LR-SCAF00183,CRBN_SCAF_18,LR00055,C1CCC(N2CCN(CC3CCC(COC4CCCC5CN([C@H]6CCCNC6)CC54)CC3)CC2)CC1,826062c2
CRBN,LR-SCAF00183,CRBN_SCAF_18,LR00056,C1CCC(N2CCN(CC3CCC(COC4CCCC5CN([C@H]6CCCNC6)CC54)CC3)CC2)CC1,826062c2
CRBN,LR-SCAF00183,CRBN_SCAF_18,LR00057,C1CCC(N2CCN(CC3CCC(COC4CCCC5CN([C@H]6CCCNC6)CC54)CC3)CC2)CC1,826062c2
CRBN,LR-SCAF00183,CRBN_SCAF_18,LR00058,C1CCC(N2CCN(CC3CCC(COC4CCCC5CN([C@H]6CCCNC6)CC54)CC3)CC2)CC1,826062c2
CRBN,LR-SCAF00318,CRBN_SCAF_4,LR00059,C1CC2CN([C@H]3CCCNC3)CC2C(OCC2CCC(CN3CCOCC3)CC2)C1,d3e00a53
CRBN,LR-SCAF00372,CRBN_SCAF_1,LR00060,C1CCC2CN([C@H]3CCCNC3)CC2C1,fff95c25
CRBN,LR-SCAF00199,CRBN_SCAF_16,LR00061,C1CCC(CN2CCC(C3CC[C@@H]4CN([C@H]5CCCNC5)CC4C3)CC2)CC1,899c9c02
CRBN,LR-SCAF00336,CRBN_SCAF_19,LR00062,C1CCC2C(NC3CCC4CN([C@H]5CCCNC5)CC4C3)NOC2C1,e2b60216
CRBN,LR-SCAF00372,CRBN_SCAF_1,LR00063,C1CCC2CN([C@H]3CCCNC3)CC2C1,fff95c25
CRBN,LR-SCAF00372,CRBN_SCAF_1,LR00064,C1CCC2CN([C@H]3CCCNC3)CC2C1,fff95c25
CRBN,LR-SCAF00372,CRBN_SCAF_1,LR00065,C1CCC2CN([C@H]3CCCNC3)CC2C1,fff95c25
CRBN,LR-SCAF00150,CRBN_SCAF_6,LR00066,C1CCC(CN[C@H]2CCCNC2)CC1,6e3a2581
CRBN,LR-SCAF00150,CRBN_SCAF_6,LR00067,C1CCC(CN[C@H]2CCCNC2)CC1,6e3a2581
CRBN,LR-SCAF00150,CRBN_SCAF_6,LR00068,C1CCC(CN[C@H]2CCCNC2)CC1,6e3a2581
CRBN,LR-SCAF00150,CRBN_SCAF_6,LR00069,C1CCC(CN[C@H]2CCCNC2)CC1,6e3a2581
CRBN,LR-SCAF00150,CRBN_SCAF_6,LR00070,C1CCC(CN[C@H]2CCCNC2)CC1,6e3a2581
CRBN,LR-SCAF00150,CRBN_SCAF_6,LR00071,C1CCC(CN[C@H]2CCCNC2)CC1,6e3a2581
CRBN,LR-SCAF00022,CRBN_SCAF_20,LR00072,C1CCC(C2C[C@]3(CCCNC3)ON2)CC1,0d0ae2c3
CRBN,LR-SCAF00022,CRBN_SCAF_20,LR00073,C1CCC(C2C[C@]3(CCCNC3)ON2)CC1,0d0ae2c3
CRBN,LR-SCAF00022,CRBN_SCAF_20,LR00074,C1CCC(C2C[C@]3(CCCNC3)ON2)CC1,0d0ae2c3
CRBN,LR-SCAF00022,CRBN_SCAF_20,LR00075,C1CCC(C2C[C@]3(CCCNC3)ON2)CC1,0d0ae2c3
CRBN,LR-SCAF00022,CRBN_SCAF_20,LR00076,C1CCC(C2C[C@]3(CCCNC3)ON2)CC1,0d0ae2c3
CRBN,LR-SCAF00183,CRBN_SCAF_18,LR00077,C1CCC(N2CCN(CC3CCC(COC4CCCC5CN([C@H]6CCCNC6)CC54)CC3)CC2)CC1,826062c2
CRBN,LR-SCAF00236,CRBN_SCAF_21,LR00078,C(CCCN1CCC(C2CCCC3CN([C@H]4CCCNC4)CC32)CC1)CCCN1CC(C2CCC3C(C2)[C@H](C2CCCCC2)NC2(CC2)C2NNCN32)CN1,9b8d5329
CRBN,LR-SCAF00372,CRBN_SCAF_1,LR00079,C1CCC2CN([C@H]3CCCNC3)CC2C1,fff95c25
CRBN,LR-SCAF00183,CRBN_SCAF_18,LR00080,C1CCC(N2CCN(CC3CCC(COC4CCCC5CN([C@H]6CCCNC6)CC54)CC3)CC2)CC1,826062c2
CRBN,LR-SCAF00372,CRBN_SCAF_1,LR00081,C1CCC2CN([C@H]3CCCNC3)CC2C1,fff95c25
CRBN,LR-SCAF00093,CRBN_SCAF_22,LR00082,C1CNC[C@@H](N2CC3CCC(N4CCOCC4)CC3C2)C1,41b88d7b
CRBN,LR-SCAF00093,CRBN_SCAF_22,LR00083,C1CNC[C@@H](N2CC3CCC(N4CCOCC4)CC3C2)C1,41b88d7b
CRBN,LR-SCAF00241,CRBN_SCAF_23,LR00084,C1CC[C@H](COC2CCC3CN([C@H]4CCCNC4)CC3C2)NC1,9eaa5b88
CRBN,LR-SCAF00318,CRBN_SCAF_4,LR00085,C1CC2CN([C@H]3CCCNC3)CC2C(OCC2CCC(CN3CCOCC3)CC2)C1,d3e00a53
CRBN,LR-SCAF00372,CRBN_SCAF_1,LR00086,C1CCC2CN([C@H]3CCCNC3)CC2C1,fff95c25
CRBN,LR-SCAF00372,CRBN_SCAF_1,LR00087,C1CCC2CN([C@H]3CCCNC3)CC2C1,fff95c25
CRBN,LR-SCAF00366,CRBN_SCAF_24,LR00088,C1CCC2C(C1)NCN2[C@H]1CCCNC1,fbabac0e
CRBN,LR-SCAF00251,CRBN_SCAF_25,LR00089,C1CCC(N2CCCC3CNC(NC4CCC(SC5CC6(CCN(CC7CCN([C@@H]8CCC9C(C8)NCN9[C@@H]8CCCNC8)CC7)CC6)C5)CC4)NC32)C1,a69df939
CRBN,LR-SCAF00205,CRBN_SCAF_26,LR00090,C1CNC[C@@H](N2CC3CCC(O[C@H]4CNCCC45CC5)CC3C2)C1,8ad7ce01
CRBN,LR-SCAF00151,CRBN_SCAF_27,LR00091,C1CNC[C@H](OC2CCC3CN([C@H]4CCCNC4)CC3C2)C1,6f5e9f96
CRBN,LR-SCAF00142,CRBN_SCAF_28,LR00092,C1CCC(CN2CCC3(CC2)COC2[C@H]3CC[C@@H]3CN([C@H]4CCCNC4)C[C@@H]23)CC1,6317954b
CRBN,LR-SCAF00163,CRBN_SCAF_29,LR00093,C1CNC[C@@H](C2NNC3CC(NC4CCNCC4)CCC32)C1,779a246f
CRBN,LR-SCAF00234,CRBN_SCAF_30,LR00094,C1CNC[C@@H](N2CC(C3CCSC3)NN2)C1,9b07acb7
CRBN,LR-SCAF00234,CRBN_SCAF_30,LR00095,C1CNC[C@@H](N2CC(C3CCSC3)NN2)C1,9b07acb7
CRBN,LR-SCAF00082,CRBN_SCAF_12,LR00096,C1CCC(NCCC[C@H]2CCCC(NC3CCN([C@H]4CCCNC4)C3)C2)CC1,39bc19a4
CRBN,LR-SCAF00372,CRBN_SCAF_1,LR00097,C1CCC2CN([C@H]3CCCNC3)CC2C1,fff95c25
CRBN,LR-SCAF00172,CRBN_SCAF_15,LR00098,C1CCC([C@H]2CCCNC2)CC1,7f22b770
CRBN,LR-SCAF00320,CRBN_SCAF_31,LR00099,C1CNCN(C2CCC3CCNC3C2)C1,d5b01f0f
CRBN,LR-SCAF00117,CRBN_SCAF_32,LR00100,C1CNC[C@@H](N2CC3CCC(N4[C@@H]5CCC[C@H]4CC5)CC3C2)C1,53e91f1f
CRBN,LR-SCAF00177,CRBN_SCAF_33,LR00101,C1CCC(CSN2CC3CCCC[C@H]3C[C@H]2CNCC2CCN3C(C2)NCC3N2CCCNC2)CC1,8175cc01
CRBN,LR-SCAF00237,CRBN_SCAF_34,LR00102,C1CCC(C2CCC[C@H]([C@H]3CCCNC3)C2)CC1,9c337ed6
CRBN,LR-SCAF00060,CRBN_SCAF_35,LR00103,C1CNC[C@@H](N2CC([C@H]3CCSC3)NN2)C1,2dd93745
CRBN,LR-SCAF00346,CRBN_SCAF_36,LR00104,C1CNC[C@@H](N2CC3CCC([C@H]4CC(CN5CCCC5)C5CCNC5N4)C[C@@H]3C2)C1,eae92d5d
CRBN,LR-SCAF00027,CRBN_SCAF_37,LR00105,C1CNC[C@@H](N2CC3C4OCC5(CCNCC5)C4CC[C@@H]3C2)C1,0ee46d59
CRBN,LR-SCAF00271,CRBN_SCAF_38,LR00106,C1CNCN([C@@H]2CNC3C4OCC5(CCNCC5)C4CCN32)C1,b49d704d
CRBN,LR-SCAF00211,CRBN_SCAF_39,LR00107,C1CNC[C@@H](N2CC3CC[C@H]([C@H]4C[C@@H](CN5CCCC5)C5CCNC5N4)CC3C2)C1,8d6d2ee3
CRBN,LR-SCAF00368,CRBN_SCAF_40,LR00108,C1CNC[C@@H](N2CC3CC[C@@H]([C@@H]4CC(CN5CCCC5)C5CCN(C6COC6)C5N4)CC3C2)C1,fdba3dfb
CRBN,LR-SCAF00289,CRBN_SCAF_41,LR00109,C1CNC[C@@H](C2NNC3CC(N4CCC(NC5NCCC(NC6CCC7NCNC7C6)N5)CC4)CCC32)C1,c0f4f282
CRBN,LR-SCAF00181,CRBN_SCAF_42,LR00110,C1CCC(CN2CCC([C@H]3CCC4CN([C@H]5CCCNC5)CC4C3)CC2)CC1,81df215f
CRBN,LR-SCAF00315,CRBN_SCAF_3,LR00111,C1CCC(NCNCC2CCC3CN([C@H]4CCCNC4)CC3C2)CC1,d068cd94
CRBN,LR-SCAF00137,CRBN_SCAF_43,LR00112,C(CCCCNCCN[C@H]1CCCNC1)CCCCNCC[C@@H]1N[C@@H](C2CCCCC2)C2CCS[C@H]2N2CNN[C@@H]12,60105a36
CRBN,LR-SCAF00116,CRBN_SCAF_44,LR00113,C1CC2CN([C@H]3CCCNC3)CC2C(NCC2CCC(CN3CC(N4CCOCC4)C3)CC2)C1,53403914
Cbl-b,LR-SCAF00286,Cbl-b_SCAF_1,LR00114,C1CCN(CC2CCC3NN(C4CCCC(C5(C6NCNN6)CCC5)C4)CN3C2)CC1,bf99e947
Cbl-b,LR-SCAF00363,Cbl-b_SCAF_2,LR00115,C1CCN(CC2CCC3NN(C4CCCC(C5CCNCC5)C4)CN3C2)CC1,f6f80973
Cbl-b,LR-SCAF00337,Cbl-b_SCAF_3,LR00116,C1CC(NCC2CCNC(C3CC3)N2)CC(C2CCNCO2)C1,e3a2391e
DCAF1,LR-SCAF00316,DCAF1_SCAF_1,LR00117,C1CCC(N2CCC[C@@H](NC3CC(N4CCOCC4)NCN3)C2)CC1,d191821e
DCAF1,LR-SCAF00328,DCAF1_SCAF_2,LR00118,C1CCC(CNC[C@@H]2CNN[C@@H]2C2CCCCC2)CC1,dff42204
DCAF1,LR-SCAF00121,DCAF1_SCAF_3,LR00119,C1CCC(CNC[C@@H]2CNNC2C2CCCCC2)CC1,553161db
DCAF1,LR-SCAF00098,DCAF1_SCAF_4,LR00120,C1CCC([C@@H]2CC3CCCCC3C3NCCN32)CC1,45c0b344
DCAF1,LR-SCAF00098,DCAF1_SCAF_4,LR00121,C1CCC([C@@H]2CC3CCCCC3C3NCCN32)CC1,45c0b344
DCAF1,LR-SCAF00098,DCAF1_SCAF_4,LR00122,C1CCC([C@@H]2CC3CCCCC3C3NCCN32)CC1,45c0b344
DCAF1,LR-SCAF00098,DCAF1_SCAF_4,LR00123,C1CCC([C@@H]2CC3CCCCC3C3NCCN32)CC1,45c0b344
DCAF1,LR-SCAF00098,DCAF1_SCAF_4,LR00124,C1CCC([C@@H]2CC3CCCCC3C3NCCN32)CC1,45c0b344
DCAF1,LR-SCAF00244,DCAF1_SCAF_5,LR00125,C1CCC(OC2CCCC([C@H]3CCNC3)C2)CC1,a0082199
DCAF1,LR-SCAF00173,DCAF1_SCAF_6,LR00126,C1CCC(CCC2CC3CCCCC3C3NCCN23)CC1,7fb2ecd2
DCAF1,LR-SCAF00173,DCAF1_SCAF_6,LR00127,C1CCC(CCC2CC3CCCCC3C3NCCN23)CC1,7fb2ecd2
DCAF1,LR-SCAF00025,DCAF1_SCAF_7,LR00128,C1CCC(C2(C3C[C@@H]4CCCCC4C4NCCN43)CC2)CC1,0dad107d
DCAF1,LR-SCAF00025,DCAF1_SCAF_7,LR00129,C1CCC(C2(C3C[C@@H]4CCCCC4C4NCCN43)CC2)CC1,0dad107d
DCAF1,LR-SCAF00339,DCAF1_SCAF_8,LR00130,C1CCC(C2(C3C[C@@H]4CC(N5CCNCC5)CCC4[C@@H]4NCCN34)CC2)CC1,e41f6f1c
DCAF1,LR-SCAF00145,DCAF1_SCAF_9,LR00131,C1CCC(C2(C3NCC4CCC(N5CCNCC5)CC4N3)CC2)CC1,663967fd
DCAF1,LR-SCAF00257,DCAF1_SCAF_10,LR00132,C1CCC(C2([C@@H]3NCC4CCC(N5CCNCC5)CC4N3)CCCC2)CC1,ab5e5c84
DCAF1,LR-SCAF00257,DCAF1_SCAF_10,LR00133,C1CCC(C2([C@@H]3NCC4CCC(N5CCNCC5)CC4N3)CCCC2)CC1,ab5e5c84
DCAF1,LR-SCAF00225,DCAF1_SCAF_11,LR00134,C1CCC(C2([C@@H]3NC[C@@H]4CC[C@@H](N5CCNCC5)C[C@H]4N3)CCCCC2)CC1,93b39f15
DCAF1,LR-SCAF00225,DCAF1_SCAF_11,LR00135,C1CCC(C2([C@@H]3NC[C@@H]4CC[C@@H](N5CCNCC5)C[C@H]4N3)CCCCC2)CC1,93b39f15
DCAF1,LR-SCAF00273,DCAF1_SCAF_12,LR00136,C1CCC(CNCC2CNCC2C2CCCCC2)CC1,b613b9e0
DCAF1,LR-SCAF00209,DCAF1_SCAF_13,LR00137,C1CCC(CNCC2CN[C@H](C3CNNC3)[C@@H]2C2CCCCC2)CC1,8d22e845
DCAF1,LR-SCAF00256,DCAF1_SCAF_14,LR00138,C1CCC(CNC[C@@H]2CNC[C@@H]2C2CCCCC2)CC1,aa4c7f11
DCAF1,LR-SCAF00108,DCAF1_SCAF_15,LR00139,C1CCC(CNCC2CNC(CCCN3CCCCC3)C2C2CCCCC2)CC1,4c5b1339
DCAF1,LR-SCAF00011,DCAF1_SCAF_16,LR00140,C1CCC(CNC[C@@H]2CNCC2C2CCCCC2)CC1,071ba927
DCAF1,LR-SCAF00250,DCAF1_SCAF_17,LR00141,C1CCC(CNC[C@@H]2CN[C@@H](C3CNN(CC[NH+]4CCOCC4)C3)[C@@H]2C2CCCCC2)CC1,a4c5b1f7
DCAF15,LR-SCAF00215,DCAF15_SCAF_1,LR00142,C1CCC(SNC2CCCC3CCNC32)CC1,8fda97d5
DCAF15,LR-SCAF00215,DCAF15_SCAF_1,LR00143,C1CCC(SNC2CCCC3CCNC32)CC1,8fda97d5
DCAF15,LR-SCAF00329,DCAF15_SCAF_2,LR00144,C1CCC(CNS[C@@H]2CCCS2)CC1,e142496b
DCAF15,LR-SCAF00215,DCAF15_SCAF_1,LR00145,C1CCC(SNC2CCCC3CCNC32)CC1,8fda97d5
DCAF15,LR-SCAF00215,DCAF15_SCAF_1,LR00146,C1CCC(SNC2CCCC3CCNC32)CC1,8fda97d5
DCAF15,LR-SCAF00215,DCAF15_SCAF_1,LR00147,C1CCC(SNC2CCCC3CCNC32)CC1,8fda97d5
DCAF15,LR-SCAF00215,DCAF15_SCAF_1,LR00148,C1CCC(SNC2CCCC3CCNC32)CC1,8fda97d5
DCAF15,LR-SCAF00174,DCAF15_SCAF_3,LR00149,C1COC(SNC2CCCC3CCNC32)C1,7fdfa2c9
DCAF15,LR-SCAF00007,DCAF15_SCAF_4,LR00150,C1CCN(CC2CCC(SNC3CCCC4CCNC43)O2)CC1,043dd9aa
DCAF16,LR-SCAF00006,DCAF16_SCAF_1,LR00151,C1CCC(C2NCC3NNCN3[C@@H]3SCC[C@H]23)CC1,032061a8
GID4,LR-SCAF00099,GID4_SCAF_1,LR00152,C1CCC2N[C@@H](CNCCN[C@H]3CC[C@@H](C4NC5CCCCC5N4)CC3)CC2C1,45d0eae5
HOIP(RNF31),LR-SCAF00175,HOIP(RNF31)_SCAF_1,LR00153,C1CNC2CCCC2C1,80019507
HOIP(RNF31),LR-SCAF00197,HOIP(RNF31)_SCAF_2,LR00154,C1CCC(CCCC2CCCCC2)CC1,88207aea
HOIP(RNF31),LR-SCAF00272,HOIP(RNF31)_SCAF_3,LR00155,C(CC1CCC(C2CNNC2)CC1)C[C@@H]1CCC[C@H](C2CNNC2)C1,b54cf8a8
HUWE1,LR-SCAF00319,HUWE1_SCAF_1,LR00156,C1CCC2CNCC2C1,d442e4d3
HUWE1,LR-SCAF00319,HUWE1_SCAF_1,LR00157,C1CCC2CNCC2C1,d442e4d3
KEAP1,LR-SCAF00015,KEAP1_SCAF_1,LR00158,C1CCC(CNCNC2NNC(C3CCCO3)O2)CC1,0b61e353
KEAP1,LR-SCAF00015,KEAP1_SCAF_1,LR00159,C1CCC(CNCNC2NNC(C3CCCO3)O2)CC1,0b61e353
KEAP1,LR-SCAF00305,KEAP1_SCAF_2,LR00160,C1CC[C@@H]2CCC3C(CC[C@H]4C3CCC3CCCC[C@H]34)C2C1,cb318e39
KEAP1,LR-SCAF00080,KEAP1_SCAF_3,LR00161,C1CCC(CN2CCC3CCCCC3[C@H]2CN2CC3CCCCC3C2)CC1,392becf9
KEAP1,LR-SCAF00157,KEAP1_SCAF_4,LR00162,C1CCC(NCCSC2NCC(SC3CCCCC3)CN2)CC1,73e3831c
KEAP1,LR-SCAF00157,KEAP1_SCAF_4,LR00163,C1CCC(NCCSC2NCC(SC3CCCCC3)CN2)CC1,73e3831c
KEAP1,LR-SCAF00118,KEAP1_SCAF_5,LR00164,C1CCC(SN[C@H]2CC[C@@H](NSC3CCCCC3)C3CCCCC32)CC1,5429c8b4
KEAP1,LR-SCAF00279,KEAP1_SCAF_6,LR00165,C1CCC2CN(C[C@@H]3C4CCCCC4CCN3C[C@@H]3CCCC[C@@H]3C3NNNN3)CC2C1,b91bbdb2
KEAP1,LR-SCAF00080,KEAP1_SCAF_3,LR00166,C1CCC(CN2CCC3CCCCC3[C@H]2CN2CC3CCCCC3C2)CC1,392becf9
KEAP1,LR-SCAF00080,KEAP1_SCAF_3,LR00167,C1CCC(CN2CCC3CCCCC3[C@H]2CN2CC3CCCCC3C2)CC1,392becf9
KEAP1,LR-SCAF00125,KEAP1_SCAF_7,LR00168,C1CCC(SNC2CCC(NSC3CCCCC3)C3CCCCC23)CC1,56acc5a7
KEAP1,LR-SCAF00280,KEAP1_SCAF_8,LR00169,C1CCC(SN[C@H]2CC[C@@H](NSC3CCCCC3)C3CCCC[C@@H]32)CC1,b9bcbd87
KEAP1,LR-SCAF00367,KEAP1_SCAF_9,LR00170,C1CCC(SNC2CCC(N3CCCC3)C3CCCCC23)CC1,fda7e042
KEAP1,LR-SCAF00036,KEAP1_SCAF_10,LR00171,C1CC[C@@H]2CCC3CNCNC3C2C1,14f6f8f5
KEAP1,LR-SCAF00012,KEAP1_SCAF_11,LR00172,C1CNCC(C2NNC3C2CC[C@H]2CCCCC32)C1,086ab553
KEAP1,LR-SCAF00231,KEAP1_SCAF_12,LR00173,C1CCCCC1,9970801b
KEAP1,LR-SCAF00131,KEAP1_SCAF_13,LR00174,C1CCC(CC2CCC3NNNC3C2)CC1,5bb4cd96
KEAP1,LR-SCAF00131,KEAP1_SCAF_13,LR00175,C1CCC(CC2CCC3NNNC3C2)CC1,5bb4cd96
KEAP1,LR-SCAF00069,KEAP1_SCAF_14,LR00176,C1CCC(SNCC2CCCC(CC3CCC4NNNC4C3)C2)CC1,335aedd3
KEAP1,LR-SCAF00321,KEAP1_SCAF_15,LR00177,C1CC(CC2CCC3NNNC3C2)CC(CN2CCOC3CCCCC3S2)C1,d6c24203
KEAP1,LR-SCAF00216,KEAP1_SCAF_16,LR00178,C1CC2OCNC2CO1,90a9b679
KEAP1,LR-SCAF00231,KEAP1_SCAF_12,LR00179,C1CCCCC1,9970801b
KEAP1,LR-SCAF00168,KEAP1_SCAF_17,LR00180,C1CC2C[C@@H]3CCO[C@H]3CC[C@@H]2C1,79dc462f
KEAP1,LR-SCAF00229,KEAP1_SCAF_18,LR00181,C1CCC([C@H]2CCNO2)CC1,972d2b1e
KEAP1,LR-SCAF00065,KEAP1_SCAF_19,LR00182,C1CCC(COC2C[C@@H](NSC3CCCCC3)CC[C@H]2NSC2CCCCC2)CC1,327c8c7c
KEAP1,LR-SCAF00335,KEAP1_SCAF_20,LR00183,C1CCC(CC2CCNCC2)CC1,e2ac831d
KEAP1,LR-SCAF00131,KEAP1_SCAF_13,LR00184,C1CCC(CC2CCC3NNNC3C2)CC1,5bb4cd96
KEAP1,LR-SCAF00131,KEAP1_SCAF_13,LR00185,C1CCC(CC2CCC3NNNC3C2)CC1,5bb4cd96
KEAP1,LR-SCAF00131,KEAP1_SCAF_13,LR00186,C1CCC(CC2CCC3NNNC3C2)CC1,5bb4cd96
KEAP1,LR-SCAF00069,KEAP1_SCAF_14,LR00187,C1CCC(SNCC2CCCC(CC3CCC4NNNC4C3)C2)CC1,335aedd3
KEAP1,LR-SCAF00321,KEAP1_SCAF_15,LR00188,C1CC(CC2CCC3NNNC3C2)CC(CN2CCOC3CCCCC3S2)C1,d6c24203
KEAP1,LR-SCAF00080,KEAP1_SCAF_3,LR00189,C1CCC(CN2CCC3CCCCC3[C@H]2CN2CC3CCCCC3C2)CC1,392becf9
KEAP1,LR-SCAF00185,KEAP1_SCAF_21,LR00190,C1CC(CN2CCC3CCCCC3[C@H]2CN2CC3CCCCC3C2)C1,830437f4
KEAP1,LR-SCAF00017,KEAP1_SCAF_22,LR00191,C1CCC(CN2CC[C@@H]3CCC(CC4CC[C@@H]5NNN[C@H]5C4)CC3C2)CC1,0c0fa4cc
KEAP1,LR-SCAF00017,KEAP1_SCAF_22,LR00192,C1CCC(CN2CC[C@@H]3CCC(CC4CC[C@@H]5NNN[C@H]5C4)CC3C2)CC1,0c0fa4cc
KEAP1,LR-SCAF00046,KEAP1_SCAF_23,LR00193,C1CCC(CN2CCC3CCC(CC4CCC5NNNC5C4)CC3C2)CC1,1fad0399
KEAP1,LR-SCAF00085,KEAP1_SCAF_24,LR00194,C1CCC(SNC2NC[C@H](NSC3CCCCC3)C3CCCC[C@H]23)CC1,3e761c10
KEAP1,LR-SCAF00248,KEAP1_SCAF_25,LR00195,C1CCC(SN[C@@H]2CC[C@@H](NSC3CCCCC3)C3CCCCC32)CC1,a4758722
KEAP1,LR-SCAF00210,KEAP1_SCAF_26,LR00196,C1CCC2CSCCNC[C@H](NC[C@@H]3CCCN3)COCC2C1,8d6062d9
KEAP1,LR-SCAF00077,KEAP1_SCAF_27,LR00197,C1CCC(N2NCC[C@H]2C2CC2)CC1,373a41fe
KEAP1,LR-SCAF00160,KEAP1_SCAF_28,LR00198,C1CCC(SN[C@@H]2CCCC(N3NCCC3C3CC3)C2)CC1,76042db5
KEAP1,LR-SCAF00023,KEAP1_SCAF_29,LR00199,C1CC([C@@H]2CCC[C@H](CN3CCCC3)C2)CC(N2NCCC2C2CC2)C1,0d78dc29
KEAP1,LR-SCAF00091,KEAP1_SCAF_30,LR00200,C1CCC(SNC2CCC[C@H](N3NCC[C@H]3C3CC3)C2)CC1,414d9e31
KEAP1,LR-SCAF00158,KEAP1_SCAF_31,LR00201,C1CCC(SN[C@H]2CCC[C@H](N3NCC[C@H]3C3CC3)C2)CC1,7484f9ab
KEAP1,LR-SCAF00049,KEAP1_SCAF_32,LR00202,C1CCC(SNC2CCCC(N3NCCC3C3CC3)C2)CC1,24459e25
KEAP1,LR-SCAF00268,KEAP1_SCAF_33,LR00203,C1CCC(SNC2CCC[C@H](N3NC[C@H](C4NNNN4)[C@H]3C3CC3)C2)CC1,b378c02e
KEAP1,LR-SCAF00213,KEAP1_SCAF_34,LR00204,C1CCC(SNC2CCCC(N3NCC[C@H]3C3CC3)C2)CC1,8ed40683
KEAP1,LR-SCAF00283,KEAP1_SCAF_35,LR00205,C1CCC(SN[C@H]2CCC[C@@H](N3NCC[C@@H]3C3CC3)C2)CC1,bc342e7d
KEAP1,LR-SCAF00130,KEAP1_SCAF_36,LR00206,C1CCC(SN[C@H]2CCC[C@@H](N3NCC[C@@H]3[C@H]3C[C@@H]3C3CCCCC3)C2)CC1,5b1cfc5b
KEAP1,LR-SCAF00091,KEAP1_SCAF_30,LR00207,C1CCC(SNC2CCC[C@H](N3NCC[C@H]3C3CC3)C2)CC1,414d9e31
KEAP1,LR-SCAF00123,KEAP1_SCAF_37,LR00208,C1CCC(SN[C@H]2CCCC(N3NCCC3[C@H]3C[C@@H]3C3CCCCC3)C2)CC1,561ef090
KEAP1,LR-SCAF00261,KEAP1_SCAF_38,LR00209,C1CCC(CC2CCCC2)CC1,ade4826c
KEAP1,LR-SCAF00322,KEAP1_SCAF_39,LR00210,C1CC2SCCC2CO1,d822e5ee
KEAP1,LR-SCAF00219,KEAP1_SCAF_40,LR00211,C1CCNCC1,927a5aa0
KEAP1,LR-SCAF00056,KEAP1_SCAF_41,LR00212,C1CCC2C(C1)CC1CCCCC12,2bb33eb6
KEAP1,LR-SCAF00056,KEAP1_SCAF_41,LR00213,C1CCC2C(C1)CC1CCCCC12,2bb33eb6
KEAP1,LR-SCAF00056,KEAP1_SCAF_41,LR00214,C1CCC2C(C1)CC1CCCCC12,2bb33eb6
KEAP1,LR-SCAF00084,KEAP1_SCAF_42,LR00215,C1CCC(CNCC2CCCC3CC4CCCCC4C23)CC1,3dcd0ae8
KEAP1,LR-SCAF00081,KEAP1_SCAF_43,LR00216,C1CCC(C2CCCC(N3CCCN3)N2)CC1,39972972
KEAP1,LR-SCAF00081,KEAP1_SCAF_43,LR00217,C1CCC(C2CCCC(N3CCCN3)N2)CC1,39972972
KEAP1,LR-SCAF00204,KEAP1_SCAF_44,LR00218,C1CCC(C2CCCC(N3NCCC3C3CC3)C2)CC1,8a78dae3
KEAP1,LR-SCAF00170,KEAP1_SCAF_45,LR00219,C1CCC(C2CCCC(N3NCCC3[C@@H]3C[C@H]3C3CNNN3)C2)CC1,7a9485f4
KEAP1,LR-SCAF00189,KEAP1_SCAF_46,LR00220,C1CCN(CC2CCCC(C3CCCC(N4NCCC4C4CC4)C3)C2)CC1,85047334
KEAP1,LR-SCAF00023,KEAP1_SCAF_29,LR00221,C1CC([C@@H]2CCC[C@H](CN3CCCC3)C2)CC(N2NCCC2C2CC2)C1,0d78dc29
KEAP1,LR-SCAF00042,KEAP1_SCAF_47,LR00222,C1CCN(CC2CCCC(C3CCCC(N4NCCC4[C@@H]4C[C@H]4C4CNNN4)C3)C2)CC1,1abbb07f
KEAP1,LR-SCAF00002,KEAP1_SCAF_48,LR00223,C1CC[C@@H]2COC[C@@H](NC[C@@H]3CCCN3)CNCCSCC2C1,009a993d
KEAP1,LR-SCAF00276,KEAP1_SCAF_49,LR00224,C1CC[C@H]2CSCCNC[C@H](NC[C@@H]3CCCN3)COCC2C1,b7bf4532
KEAP1,LR-SCAF00052,KEAP1_SCAF_50,LR00225,C1CC2COC[C@@H](NC[C@@H]3CCCN3)CNCCSCC2C(C2CCCC3NONC32)C1,2791a328
KEAP1,LR-SCAF00240,KEAP1_SCAF_51,LR00226,C1CCC(C2CCCC3COC[C@@H](NC[C@@H]4CCCN4)CNCCSCC32)CC1,9e188fdd
KEAP1,LR-SCAF00141,KEAP1_SCAF_52,LR00227,C1CCC([C@H]2CCCC3COC[C@@H](NC[C@@H]4CCCN4)CNCCSCC32)CC1,62e8bf8e
KEAP1,LR-SCAF00334,KEAP1_SCAF_53,LR00228,C1CCC(SNC2CC[C@@H](NSC3CCCCC3)C3CCCCC23)CC1,e259aa4c
KEAP1,LR-SCAF00263,KEAP1_SCAF_54,LR00230,C1CC2CC3CC[C@@H]4[C@H](C3)NNN4CCOCCO[C@@H]3CCC4OSN(CC(C1)C2)C[C@@H]4C3,ae7065f9
KEAP1,LR-SCAF00179,KEAP1_SCAF_55,LR00231,C1CCC(CNCCC2CCC3CCCCC3C2)CC1,81c2d1e9
KEAP1,LR-SCAF00179,KEAP1_SCAF_55,LR00232,C1CCC(CNCCC2CCC3CCCCC3C2)CC1,81c2d1e9
KEAP1,LR-SCAF00179,KEAP1_SCAF_55,LR00233,C1CCC(CNCCC2CCC3CCCCC3C2)CC1,81c2d1e9
KEAP1,LR-SCAF00171,KEAP1_SCAF_56,LR00234,C1CCC(CCNCC2CCCCC2)CC1,7d421122
KEAP1,LR-SCAF00312,KEAP1_SCAF_57,LR00235,C1CCC(CNCCC2CCC(CC3CCCCN3)CC2)CC1,cfa059c0
KEAP1,LR-SCAF00230,KEAP1_SCAF_58,LR00236,C1CC(C2NCNCN2)C[C@@H]([C@@H]2COCCN2)C1,980b70ea
KEAP1,LR-SCAF00371,KEAP1_SCAF_59,LR00237,C1CCC(SC2NCS[C@@H]2N2CCNCC2)CC1,fe69d68f
KEAP1,LR-SCAF00182,KEAP1_SCAF_60,LR00238,C1CCC(S[C@@H]2NCS[C@@H]2N2CCNCC2)CC1,8210da1c
KEAP1,LR-SCAF00332,KEAP1_SCAF_61,LR00239,C1CCC(SNCC2CCCC(CNCC3CCCC4CC5CCCCC5C34)C2)CC1,e202be48
KEAP1,LR-SCAF00364,KEAP1_SCAF_62,LR00240,C1CCC(SN2CCC3CCC(CNCC4CCCC5CC6CCCCC6C45)CC3C2)CC1,f8bbb460
KEAP1,LR-SCAF00176,KEAP1_SCAF_63,LR00241,C1CCC(NCCOC2CCCCC2)CC1,8097b959
KEAP1,LR-SCAF00055,KEAP1_SCAF_64,LR00242,C1CCC(NCCOC2CCCC(N3CCCCC3)C2)CC1,2b3918c7
KEAP1,LR-SCAF00030,KEAP1_SCAF_65,LR00243,C1CCCC(NCCOC2CCC3CCCCC3C2)CC1,0fbb2ced
KEAP1,LR-SCAF00200,KEAP1_SCAF_66,LR00244,C1CCCC(NCCOC2CCC3CC[C@@H](CC4CCC5OCOC5C4)CC3C2)CC1,89c06b8f
KEAP1,LR-SCAF00119,KEAP1_SCAF_67,LR00245,C1CCC(NCCOC2CCC3CCC(CC4CCC5OCOC5C4)CC3C2)CC1,54426dda
KEAP1,LR-SCAF00119,KEAP1_SCAF_67,LR00246,C1CCC(NCCOC2CCC3CCC(CC4CCC5OCOC5C4)CC3C2)CC1,54426dda
KEAP1,LR-SCAF00282,KEAP1_SCAF_68,LR00247,C1CCC(NCCOC2CCC3CCC(CC4CCC5OCCOC5C4)CC3C2)CC1,bb3f1616
KEAP1,LR-SCAF00357,KEAP1_SCAF_69,LR00248,C1CCCC(NCCOC2CCC3CCC(CC4CCC5OCCOC5C4)CC3C2)CC1,f303ffb9
KEAP1,LR-SCAF00190,KEAP1_SCAF_70,LR00249,C1CCC(SNC2CC(CCN3CCCC3)C(NSC3CCCCC3)C3CCCCC23)CC1,8540716d
KEAP1,LR-SCAF00059,KEAP1_SCAF_71,LR00250,C1CC(N2[C@@H]3CC[C@H]2COC3)C[C@@H]([C@H]2CCCC3CN(CC4CCC(N5CC6(CCC6)C5)CC4)COC32)C1,2d9e0be4
LIVIN,LR-SCAF00192,LIVIN_SCAF_1,LR00251,C1CCC(N2NCCC2NC[C@@H]2CS[C@@H]3CCCCCN23)CC1,85813b1f
LIVIN,LR-SCAF00309,LIVIN_SCAF_2,LR00252,C1CCC(C(CN[C@H]2CC[C@@H]3CCN[C@@H]32)C2CCCCC2)CC1,cdc82523
LIVIN,LR-SCAF00294,LIVIN_SCAF_3,LR00253,C1CCC2C(C1)CCCC2CN[C@H]1CC[C@@H]2CCN[C@@H]21,c3032de8
LIVIN,LR-SCAF00247,LIVIN_SCAF_4,LR00254,C1CCC(CCN2CCC[C@H]2C2NC(C3CCCC4CCCCC43)CS2)CC1,a464f5cc
LIVIN,LR-SCAF00281,LIVIN_SCAF_5,LR00255,C1CCC(CCN2CCC[C@H]2C2NC3C(CCCC3C3CCCCC3)S2)CC1,ba1b5668
LIVIN,LR-SCAF00005,LIVIN_SCAF_6,LR00256,C1CCC(C2CSNN2)CC1,00e15ffe
LIVIN,LR-SCAF00231,LIVIN_SCAF_7,LR00257,C1CCCCC1,9970801b
MDM2,LR-SCAF00166,MDM2_SCAF_1,LR00258,C1CCC(C2N[C@@H](C3CCCCC3)[C@@H](C3CCCCC3)N2CN2CCNCC2)CC1,788cb04f
MDM2,LR-SCAF00166,MDM2_SCAF_1,LR00259,C1CCC(C2N[C@@H](C3CCCCC3)[C@@H](C3CCCCC3)N2CN2CCNCC2)CC1,788cb04f
MDM2,LR-SCAF00277,MDM2_SCAF_2,LR00260,C1CCC(CN2CC3CCCCC3NC[C@@H]2C2CCCCC2)CC1,b802407d
MDM2,LR-SCAF00333,MDM2_SCAF_3,LR00261,C1CCC2NCCC2C1,e2518056
MDM2,LR-SCAF00333,MDM2_SCAF_3,LR00262,C1CCC2NCCC2C1,e2518056
MDM2,LR-SCAF00333,MDM2_SCAF_3,LR00263,C1CCC2NCCC2C1,e2518056
MDM2,LR-SCAF00231,MDM2_SCAF_4,LR00264,C1CCCCC1,9970801b
MDM2,LR-SCAF00206,MDM2_SCAF_5,LR00265,C1CNCN1,8b7236b6
MDM2,LR-SCAF00147,MDM2_SCAF_6,LR00266,C1CCC([C@H]2O[C@H]3CCCCC3C3NC4NCNN4[C@@H](C4CCCCC4)C32)CC1,67641f8b
MDM2,LR-SCAF00349,MDM2_SCAF_7,LR00267,C1CCC(CN2CN[C@@H](C3CCCCC3)[C@@H]2[C@H]2C(CN3CCCC3)N[C@H]3CCCC[C@H]23)CC1,ee411f57
MDM2,LR-SCAF00349,MDM2_SCAF_7,LR00268,C1CCC(CN2CN[C@@H](C3CCCCC3)[C@@H]2[C@H]2C(CN3CCCC3)N[C@H]3CCCC[C@H]23)CC1,ee411f57
MDM2,LR-SCAF00086,MDM2_SCAF_8,LR00269,C1CCC(CN2CNC(C3CCCCC3)[C@@H]2[C@H]2CNC3CCCCC32)CC1,3f56c184
MDM2,LR-SCAF00342,MDM2_SCAF_9,LR00270,C1CCC([C@@H]2CNC[C@@]23CNC2CCCCC23)CC1,e7872517
MDM2,LR-SCAF00155,MDM2_SCAF_10,LR00271,C1CCC(CNCC2CNC3CCCCC23)CC1,71e77d66
MDM2,LR-SCAF00221,MDM2_SCAF_11,LR00272,C1CCC(CNC[C@H]2CNC3CCCCC32)CC1,92f0dc5b
MDM2,LR-SCAF00028,MDM2_SCAF_12,LR00273,C1CCC(CN2CN[C@@H](C[C@H]3CNC4CCCCC43)C2)CC1,0f02df96
MDM2,LR-SCAF00028,MDM2_SCAF_12,LR00274,C1CCC(CN2CN[C@@H](C[C@H]3CNC4CCCCC43)C2)CC1,0f02df96
MDM2,LR-SCAF00139,MDM2_SCAF_13,LR00275,C1CCC(C2NC3S[C@@H](CN4CCCC4)CN3[C@@H]2C2CCCCC2)CC1,602da2b8
MDM2,LR-SCAF00138,MDM2_SCAF_14,LR00276,C1CCC(C2NC3S[C@@H](CN4CCC[C@H]4CN4CCNCC4)CN3[C@@H]2C2CCCCC2)CC1,60206d7e
MDM2,LR-SCAF00201,MDM2_SCAF_15,LR00277,C1CCC(CN2CNC(C3CCCCC3)[C@@H]2[C@H]2C(CNCCN3CCOCC3)NC3CCCCC32)CC1,89c2f209
MDM2,LR-SCAF00254,MDM2_SCAF_16,LR00278,C1CCC([C@H]2CCCN[C@@H]2C2CCCCC2)CC1,a90fce23
MDM2,LR-SCAF00254,MDM2_SCAF_16,LR00279,C1CCC([C@H]2CCCN[C@@H]2C2CCCCC2)CC1,a90fce23
MDM2,LR-SCAF00254,MDM2_SCAF_16,LR00280,C1CCC([C@H]2CCCN[C@@H]2C2CCCCC2)CC1,a90fce23
MDM2,LR-SCAF00075,MDM2_SCAF_17,LR00281,C1CCC([C@@H]2[C@H](C3CCCCC3)N[C@@H](C3CCCCC3)N2CN2CCNCC2)CC1,3689d426
MDM2,LR-SCAF00075,MDM2_SCAF_17,LR00282,C1CCC([C@@H]2[C@H](C3CCCCC3)N[C@@H](C3CCCCC3)N2CN2CCNCC2)CC1,3689d426
MDM2,LR-SCAF00104,MDM2_SCAF_18,LR00283,C1CCC([C@H]2NCN[C@H]2C2CCCCC2)CC1,488d2785
MDM2,LR-SCAF00104,MDM2_SCAF_18,LR00284,C1CCC([C@H]2NCN[C@H]2C2CCCCC2)CC1,488d2785
MDM2,LR-SCAF00090,MDM2_SCAF_19,LR00285,C1CCC(C2NC(C3CCCCC3)C(C3CCCCC3)N2)CC1,413c3ba4
MDM2,LR-SCAF00019,MDM2_SCAF_20,LR00286,C1CCC(C2NCN(CN3CCNCC3)C2C2CCCCC2)CC1,0c44a538
MDM2,LR-SCAF00114,MDM2_SCAF_21,LR00287,C1CCC(C2CNC[C@@H]2C2CCCCC2)CC1,51968811
MDM2,LR-SCAF00114,MDM2_SCAF_21,LR00288,C1CCC(C2CNC[C@@H]2C2CCCCC2)CC1,51968811
MDM2,LR-SCAF00187,MDM2_SCAF_22,LR00289,C1CCC(C[C@H]2CN[C@H](C3CCCCC3)[C@H](C3CCCCC3)O2)CC1,836621cc
MDM2,LR-SCAF00187,MDM2_SCAF_22,LR00290,C1CCC(C[C@H]2CN[C@H](C3CCCCC3)[C@H](C3CCCCC3)O2)CC1,836621cc
MDM2,LR-SCAF00187,MDM2_SCAF_22,LR00291,C1CCC(C[C@H]2CN[C@H](C3CCCCC3)[C@H](C3CCCCC3)O2)CC1,836621cc
MDM2,LR-SCAF00009,MDM2_SCAF_23,LR00292,C1CCC([C@H]2CNC[C@@]23CNC2CCCCC23)CC1,0675e058
MDM2,LR-SCAF00143,MDM2_SCAF_24,LR00293,C1CCC([C@H]2NCCO[C@H]2C2CCCCC2)CC1,6367056e
MDM2,LR-SCAF00103,MDM2_SCAF_25,LR00294,C1CCC(C[C@@]2([C@H]3CCCNC3)CNC3CCCCC32)CC1,4854b51b
MDM2,LR-SCAF00101,MDM2_SCAF_26,LR00295,C1CCC(NC[C@@H]2NC[C@@]3(CNC4CCCCC43)[C@H]2C2CCCCC2)CC1,475e369c
MDM2,LR-SCAF00024,MDM2_SCAF_27,LR00296,C1CCC(NC[C@@H]2NC[C@@]3(CNC4CCSC43)[C@H]2C2CCCCC2)CC1,0da27555
MDM2,LR-SCAF00089,MDM2_SCAF_28,LR00297,C1CCC(COC2CCC([C@@]34CN3C4[C@H]3CNC4CCCCC43)CC2)CC1,40f65361
MDM2,LR-SCAF00164,MDM2_SCAF_29,LR00298,C1CCC(CNCCC2CNC3CCCCC23)CC1,7828a6cd
MDM2,LR-SCAF00164,MDM2_SCAF_29,LR00299,C1CCC(CNCCC2CNC3CCCCC23)CC1,7828a6cd
MDM2,LR-SCAF00031,MDM2_SCAF_102917a2,LR00300,CCCCCCC[C@@](C)(N)CO,102917a2
MDM2,LR-SCAF00254,MDM2_SCAF_16,LR00301,C1CCC([C@H]2CCCN[C@@H]2C2CCCCC2)CC1,a90fce23
MDM2,LR-SCAF00313,MDM2_SCAF_30,LR00302,C1CCC([C@H]2OCCN(CC3CC3)[C@@H]2C2CCCCC2)CC1,d000c614
MDM2,LR-SCAF00040,MDM2_SCAF_31,LR00303,C1CCC([C@H]2NCCO[C@@H]2C2CCCCC2)CC1,1713e683
MDM2,LR-SCAF00180,MDM2_SCAF_32,LR00304,C1CCC([C@H]2CC(CC3NCCS3)CN(CC3CC3)[C@@H]2C2CCCCC2)CC1,81d75b80
MDM2,LR-SCAF00285,MDM2_SCAF_33,LR00305,C1CCC([C@H]2OC(CC3CCCCN3)CN(CC3CC3)[C@@H]2C2CCCCC2)CC1,bdf24a45
MDM2,LR-SCAF00184,MDM2_SCAF_34,LR00306,C1CCC([C@H]2CC(C[C@H]3CCCCN3)CN(CC3CC3)[C@@H]2C2CCCCC2)CC1,8280ebad
MDM2,LR-SCAF00285,MDM2_SCAF_33,LR00307,C1CCC([C@H]2OC(CC3CCCCN3)CN(CC3CC3)[C@@H]2C2CCCCC2)CC1,bdf24a45
MDM2,LR-SCAF00040,MDM2_SCAF_31,LR00308,C1CCC([C@H]2NCCO[C@@H]2C2CCCCC2)CC1,1713e683
MDM2,LR-SCAF00076,MDM2_SCAF_35,LR00309,C1CCC([C@H]2CN[C@@H](C3CCCCC3)N2C2CCCCC2)CC1,37069af6
MDM2,LR-SCAF00370,MDM2_SCAF_36,LR00310,C1CCC([C@H]2CCCN(CC3CCCC(C4CC4)N3)[C@@H]2C2CCCCC2)CC1,fe15cea1
MDM2,LR-SCAF00178,MDM2_SCAF_37,LR00311,C1CCC([C@H]2CCCN([C@H](CSN3CCCC3)C3CC3)[C@@H]2C2CCCCC2)CC1,81b81ee0
MDM2,LR-SCAF00031,MDM2_SCAF_102917a2,LR00312,CCCCCCC[C@@](C)(N)CO,102917a2
MDM2,LR-SCAF00226,MDM2_SCAF_38,LR00313,C1CCC(CC2CNC(CC3CCCCC3)[C@H]2[C@H]2CNC3CCCC[C@H]32)CC1,94995f78
MDM2,LR-SCAF00223,MDM2_SCAF_39,LR00314,C1CCC(CC2COC(CC3CCCCC3)[C@@H]2C2CNC3CCCCC32)CC1,934dcdfd
MDM2,LR-SCAF00369,MDM2_SCAF_40,LR00315,C1CCC([C@H]2C3CCCCC3CCN2C2CCCCC2OCC2NNNN2)CC1,fe02860c
MDM2,LR-SCAF00087,MDM2_SCAF_41,LR00316,C1CCC([C@H]2C3CCCCC3CCN2C2CCC(NC[C@H]3CC[C@H](N4CCNCC4)CC3)CC2)CC1,3fb6ede7
MDM2,LR-SCAF00021,MDM2_SCAF_42,LR00317,C1CCC([C@H]2C3CCCCC3CCN2C2CCC(NCC3CCNCC3)CC2)CC1,0ccf5625
MDM2,LR-SCAF00161,MDM2_SCAF_760ab01a,LR00318,CC(C)C[C@@H](CO)N[C@@H](C)O,760ab01a
MDM2,LR-SCAF00110,MDM2_SCAF_43,LR00319,C1CCC2C(C1)C1NNN[C@@H]1C1CCCCC1[C@@H]1NNNC21,4d6e1598
MDM2,LR-SCAF00075,MDM2_SCAF_17,LR00320,C1CCC([C@@H]2[C@H](C3CCCCC3)N[C@@H](C3CCCCC3)N2CN2CCNCC2)CC1,3689d426
MDM2,LR-SCAF00146,MDM2_SCAF_44,LR00321,C1CCC(CN2CN[C@@H](C3CCCCC3)[C@@H]2[C@H]2CNC3CCCCC32)CC1,667ff8dd
MDM2,LR-SCAF00146,MDM2_SCAF_44,LR00322,C1CCC(CN2CN[C@@H](C3CCCCC3)[C@@H]2[C@H]2CNC3CCCCC32)CC1,667ff8dd
MDM2,LR-SCAF00048,MDM2_SCAF_45,LR00323,C1CCC([C@H]2CCN[C@@]23CNC2CCCCC23)CC1,212e4828
MDM2,LR-SCAF00338,MDM2_SCAF_46,LR00324,C1CCC([C@H]2[C@@H]3NCC[C@@H]3N(CC3CC3)[C@@]23CNC2CCCCC23)CC1,e3aa9b75
MDM2,LR-SCAF00228,MDM2_SCAF_47,LR00325,C1CCC(CN2CC[C@H](C3CCCCC3)[C@]23CNC2CCCCC23)CC1,9682f4ff
MDM2,LR-SCAF00202,MDM2_SCAF_48,LR00326,C1CCC([C@H]2C[C@H]3[C@@H](N2)[C@H](C2CCCCC2)[C@]2(CN[C@@H]4CCCC[C@H]42)N3CC2CC2)CC1,89d1b783
MDM2,LR-SCAF00112,MDM2_SCAF_49,LR00327,C1CCC([C@H]2C3CN(C4CCCCC4)NC3CN2C2CCCCC2)CC1,5071bba5
MDM2,LR-SCAF00221,MDM2_SCAF_11,LR00328,C1CCC(CNC[C@H]2CNC3CCCCC32)CC1,92f0dc5b
MDM2,LR-SCAF00072,MDM2_SCAF_50,LR00329,C1CCC([C@H]2[C@@H]3NC(C4CNCNC4)NC3CN2C2CCCNC2)CC1,35770470
MDM2,LR-SCAF00101,MDM2_SCAF_26,LR00330,C1CCC(NC[C@@H]2NC[C@@]3(CNC4CCCCC43)[C@H]2C2CCCCC2)CC1,475e369c
MDM2,LR-SCAF00088,MDM2_SCAF_408680a6,LR00331,N[C@H](CO)CCCCNCS,408680a6
MDM2,LR-SCAF00088,MDM2_SCAF_408680a6,LR00332,N[C@H](CO)CCCCNCS,408680a6
MDM2,LR-SCAF00031,MDM2_SCAF_102917a2,LR00333,CCCCCCC[C@@](C)(N)CO,102917a2
MDM2,LR-SCAF00333,MDM2_SCAF_3,LR00334,C1CCC2NCCC2C1,e2518056
MDM2,LR-SCAF00075,MDM2_SCAF_17,LR00335,C1CCC([C@@H]2[C@H](C3CCCCC3)N[C@@H](C3CCCCC3)N2CN2CCNCC2)CC1,3689d426
MDM2,LR-SCAF00075,MDM2_SCAF_17,LR00336,C1CCC([C@@H]2[C@H](C3CCCCC3)N[C@@H](C3CCCCC3)N2CN2CCNCC2)CC1,3689d426
MDM2,LR-SCAF00031,MDM2_SCAF_102917a2,LR00337,CCCCCCC[C@@](C)(N)CO,102917a2
MDM2,LR-SCAF00288,MDM2_SCAF_51,LR00338,C1CCC([C@H]2C3N[C@H](C4CNCNC4)NC3CN2C2CCCCC2)CC1,c0cae208
MDM2,LR-SCAF00233,MDM2_SCAF_52,LR00339,C1CCC2C(C1)C1NNNC1C1CCCCC1C1NNNC21,9ae6da2b
MDM2,LR-SCAF00301,MDM2_SCAF_53,LR00340,C1CCC([C@H]2[C@@H]3CNC[C@@H]3N(CC3CC3)[C@@]23CNC2CCCCC23)CC1,c9b79d6e
MDM2,LR-SCAF00333,MDM2_SCAF_3,LR00341,C1CCC2NCCC2C1,e2518056
MDM2,LR-SCAF00341,MDM2_SCAF_54,LR00342,C1CCC([C@H]2C3CN(C4CNCNC4)NC3CN2C2CCCNC2)CC1,e65383dc
MDM2,LR-SCAF00162,MDM2_SCAF_55,LR00343,C1CCC([C@H]2C3CNNC3CN2C2CCCCC2)CC1,76cf83bf
MDM2,LR-SCAF00004,MDM2_SCAF_56,LR00344,C1CCC(CN2CN[C@@H](C3CCCCC3)[C@@H]2[C@@H]2C3CCCCC3N[C@@H]2CN2CCCC2)CC1,00b85fcf
MDM2,LR-SCAF00018,MDM2_SCAF_57,LR00345,C1CCC(C2N[C@@H](C3NNNN3)[C@H](C3CCCCC3)N2C2CCCCC2)CC1,0c3aa7a7
MDM2,LR-SCAF00149,MDM2_SCAF_58,LR00346,C1CCC(CN2CNC(C3CCCCC3)C2[C@H]2C(CNCCN3CCN(C4CCCCC4)CC3)NC3CCCCC32)CC1,6b26f3cb
MDM2,LR-SCAF00341,MDM2_SCAF_54,LR00347,C1CCC([C@H]2C3CN(C4CNCNC4)NC3CN2C2CCCNC2)CC1,e65383dc
MDM2,LR-SCAF00106,MDM2_SCAF_59,LR00348,C1CCC(CN2CC3NC(C4CNCNC4)NC3[C@@H]2C2CCCCC2)CC1,4af46abe
MDM2,LR-SCAF00134,MDM2_SCAF_60,LR00349,C1CCC(N2CC[C@H](NCC3CNC4CCCCC34)C2)CC1,5e762187
MDM2,LR-SCAF00031,MDM2_SCAF_102917a2,LR00350,CCCCCCC[C@@](C)(N)CO,102917a2
MDM2,LR-SCAF00031,MDM2_SCAF_102917a2,LR00351,CCCCCCC[C@@](C)(N)CO,102917a2
MDM2,LR-SCAF00196,MDM2_SCAF_61,LR00352,C1CC([C@@H]2CS[C@H](CNC[C@H]3CNNN3)C2)C([C@H]2CSC(CNCC3CNNN3)C2)C1,87ccdfb5
MDM2,LR-SCAF00296,MDM2_SCAF_62,LR00353,C1CCC([C@@]2(OCC3CC3)[C@H]3CCCCC3CN2CC2CCCCN2)CC1,c3c0f007
MDM2,LR-SCAF00296,MDM2_SCAF_62,LR00354,C1CCC([C@@]2(OCC3CC3)[C@H]3CCCCC3CN2CC2CCCCN2)CC1,c3c0f007
MDM2,LR-SCAF00296,MDM2_SCAF_62,LR00355,C1CCC([C@@]2(OCC3CC3)[C@H]3CCCCC3CN2CC2CCCCN2)CC1,c3c0f007
MDM2,LR-SCAF00331,MDM2_SCAF_63,LR00356,C1CCC(CN2CC3CCCCC3[C@]2(OCC2CC2)C2CCCCC2)CC1,e1a2b3c4
MDM2,LR-SCAF00296,MDM2_SCAF_62,LR00357,C1CCC([C@@]2(OCC3CC3)[C@H]3CCCCC3CN2CC2CCCCN2)CC1,c3c0f007
MDM2,LR-SCAF00194,MDM2_SCAF_64,LR00358,C1CCC(CN2CC3CCCC[C@@H]3[C@]2(OCC2CC2)C2CCCCC2)CC1,8644b171
MDM2,LR-SCAF00075,MDM2_SCAF_17,LR00359,C1CCC([C@@H]2[C@H](C3CCCCC3)N[C@@H](C3CCCCC3)N2CN2CCNCC2)CC1,3689d426
MDM2,LR-SCAF00075,MDM2_SCAF_17,LR00360,C1CCC([C@@H]2[C@H](C3CCCCC3)N[C@@H](C3CCCCC3)N2CN2CCNCC2)CC1,3689d426
MDM2,LR-SCAF00075,MDM2_SCAF_17,LR00361,C1CCC([C@@H]2[C@H](C3CCCCC3)N[C@@H](C3CCCCC3)N2CN2CCNCC2)CC1,3689d426
MDM2,LR-SCAF00258,MDM2_SCAF_65,LR00362,C1CCC(CN2C(C3CCC4SCCC4C3)NC3NCNC(NCC4CC4)C32)CC1,ab87471f
MDM2,LR-SCAF00292,MDM2_SCAF_66,LR00363,C1CCC(CN2C3[C@H]([C@@H]4CCCNC4)NC([C@H]4NCON4)C[C@H]3N[C@H]2N2CCO[C@@H]3CCC[C@H]32)CC1,c246366b
MDM2,LR-SCAF00062,MDM2_SCAF_67,LR00364,C1CCC(CN2CNC3CC([C@H]4NCON4)NC(C4CCCNC4)C32)CC1,2f999cf2
MDM2,LR-SCAF00127,MDM2_SCAF_68,LR00365,C1CCC(CN2C(CC3CC3)NC3C[C@@H]([C@H]4NCON4)NC(C4CCCNC4)C32)CC1,59a4b7b9
MDM2,LR-SCAF00327,MDM2_SCAF_69,LR00366,C1CCC([C@H]2N[C@@H](C3CCCCC3)[C@@H](C3CCCCC3)N2CN2CCNCC2)CC1,dff1bb21
MDM2,LR-SCAF00166,MDM2_SCAF_1,LR00367,C1CCC(C2N[C@@H](C3CCCCC3)[C@@H](C3CCCCC3)N2CN2CCNCC2)CC1,788cb04f
MDM2,LR-SCAF00231,MDM2_SCAF_4,LR00368,C1CCCCC1,9970801b
MDM2,LR-SCAF00031,MDM2_SCAF_102917a2,LR00369,CCCCCCC[C@@](C)(N)CO,102917a2
MDM2,LR-SCAF00075,MDM2_SCAF_17,LR00370,C1CCC([C@@H]2[C@H](C3CCCCC3)N[C@@H](C3CCCCC3)N2CN2CCNCC2)CC1,3689d426
MDM2,LR-SCAF00075,MDM2_SCAF_17,LR00371,C1CCC([C@@H]2[C@H](C3CCCCC3)N[C@@H](C3CCCCC3)N2CN2CCNCC2)CC1,3689d426
MDM2,LR-SCAF00078,MDM2_SCAF_70,LR00372,C1CCC([C@H]2[C@H]3[C@H](CC4C5CCCCC5NN43)N(CC3CC3)[C@@]23CNC2CCCCC23)CC1,37b3cd5b
MDM2,LR-SCAF00058,MDM2_SCAF_2bf86e3e,LR00373,CC(C)C[C@H](N)CNCO,2bf86e3e
MDMX,LR-SCAF00169,MDMX_SCAF_1,LR00374,C1CCC(CN2CNC(C3CCCCC3)[C@@H]2C2C(CN3CCCC3)NC3CCCCC32)CC1,7a0f29f7
MDMX,LR-SCAF00166,MDMX_SCAF_2,LR00375,C1CCC(C2N[C@@H](C3CCCCC3)[C@@H](C3CCCCC3)N2CN2CCNCC2)CC1,788cb04f
MDMX,LR-SCAF00166,MDMX_SCAF_2,LR00376,C1CCC(C2N[C@@H](C3CCCCC3)[C@@H](C3CCCCC3)N2CN2CCNCC2)CC1,788cb04f
MDMX,LR-SCAF00166,MDMX_SCAF_2,LR00377,C1CCC(C2N[C@@H](C3CCCCC3)[C@@H](C3CCCCC3)N2CN2CCNCC2)CC1,788cb04f
Parkin,LR-SCAF00298,Parkin_SCAF_1,LR00378,C1CCC(C[C@H]2CN3NCC(C4CCC(CN5CCCC6CCCCC65)CC4)C3CN2)CC1,c7612d7c
RNF146,LR-SCAF00348,RNF146_SCAF_1,LR00379,C1CO[C@H](O[C@@H]2CCO[C@H]2N2CNC3CNCNC32)C1,ed5de95c
RNF146,LR-SCAF00348,RNF146_SCAF_1,LR00380,C1CO[C@H](O[C@@H]2CCO[C@H]2N2CNC3CNCNC32)C1,ed5de95c
SOCS2,LR-SCAF00232,SOCS2_SCAF_1,LR00381,C1CCC(CCN[C@H](CNCC2CCCCC2)CC2CCCCC2)CC1,9a4eb7a7
SOCS2,LR-SCAF00232,SOCS2_SCAF_1,LR00382,C1CCC(CCN[C@H](CNCC2CCCCC2)CC2CCCCC2)CC1,9a4eb7a7
SOCS2,LR-SCAF00232,SOCS2_SCAF_1,LR00383,C1CCC(CCN[C@H](CNCC2CCCCC2)CC2CCCCC2)CC1,9a4eb7a7
SOCS2,LR-SCAF00232,SOCS2_SCAF_1,LR00384,C1CCC(CCN[C@H](CNCC2CCCCC2)CC2CCCCC2)CC1,9a4eb7a7
SOCS2,LR-SCAF00232,SOCS2_SCAF_1,LR00385,C1CCC(CCN[C@H](CNCC2CCCCC2)CC2CCCCC2)CC1,9a4eb7a7
SOCS2,LR-SCAF00232,SOCS2_SCAF_1,LR00386,C1CCC(CCN[C@H](CNCC2CCCCC2)CC2CCCCC2)CC1,9a4eb7a7
TRIM21,LR-SCAF00066,TRIM21_SCAF_1,LR00387,C1CNC2NCNN2C1,32fb4803
TRIM21,LR-SCAF00231,TRIM21_SCAF_2,LR00388,C1CCCCC1,9970801b
TRIM21,LR-SCAF00208,TRIM21_SCAF_3,LR00389,C1CCN(CC2CCNO2)NC1,8c4f468e
TRIM21,LR-SCAF00291,TRIM21_SCAF_4,LR00390,C1CNC(N2CC[C@]3(CCOC3)C2)CN1,c1d7a03c
TRIM21,LR-SCAF00092,TRIM21_SCAF_5,LR00391,C1CCC(C(C2CCCCC2)N2CCC2)CC1,4168d13e
TRIM21,LR-SCAF00325,TRIM21_SCAF_6,LR00392,C1CCC(N2CCCC2)NC1,dd6e25dc
TRIM21,LR-SCAF00278,TRIM21_SCAF_7,LR00393,C1CCC(NC2CCC2)NC1,b8e1ee65
TRIM21,LR-SCAF00133,TRIM21_SCAF_8,LR00394,C1CC[C@H]2C(C1)[C@H]1CC[C@@H]2CN1,5dc0c122
TRIM21,LR-SCAF00198,TRIM21_SCAF_9,LR00395,C1CCN([C@H]2CCNCN2)CC1,88684ca7
TRIM21,LR-SCAF00064,TRIM21_SCAF_10,LR00396,C1CNC2[C@H](CNC3CC3)CNN2C1,31cd49bd
TRIM21,LR-SCAF00227,TRIM21_SCAF_11,LR00397,C1CN(CC2CSCN2)CN1,955ad841
TRIM21,LR-SCAF00243,TRIM21_SCAF_12,LR00398,C1CO[C@@H](CN[C@H]2NNCS2)C1,9fb6c9b3
TRIM21,LR-SCAF00238,TRIM21_SCAF_13,LR00399,C1CNCCN1,9de92e9d
TRIM21,LR-SCAF00359,TRIM21_SCAF_14,LR00400,C1CCC2OCCCC2C1,f55f0cdc
TRIM21,LR-SCAF00359,TRIM21_SCAF_14,LR00401,C1CCC2OCCCC2C1,f55f0cdc
TRIM21,LR-SCAF00297,TRIM21_SCAF_15,LR00402,C1COC(CN2CCN(CC3CC3)CC2)C1,c592394b
TRIM21,LR-SCAF00245,TRIM21_SCAF_16,LR00403,C1NCC2CNNC2N1,a0d1dc95
TRIM21,LR-SCAF00245,TRIM21_SCAF_16,LR00404,C1NCC2CNNC2N1,a0d1dc95
TRIM21,LR-SCAF00303,TRIM21_SCAF_17,LR00405,C1CN(CC2CSNN2)CCO1,ca5eeffe
TRIM21,LR-SCAF00303,TRIM21_SCAF_17,LR00406,C1CN(CC2CSNN2)CCO1,ca5eeffe
TRIM21,LR-SCAF00152,TRIM21_SCAF_18,LR00407,C1CCN(CCNC2NCCS2)C1,70532317
TRIM21,LR-SCAF00219,TRIM21_SCAF_19,LR00408,C1CCNCC1,927a5aa0
TRIM21,LR-SCAF00299,TRIM21_SCAF_20,LR00409,C1OC2CCC(CNC3CC3)CC2O1,c8d43d47
TRIM21,LR-SCAF00219,TRIM21_SCAF_19,LR00410,C1CCNCC1,927a5aa0
TRIM21,LR-SCAF00217,TRIM21_SCAF_21,LR00411,C1CSCCN1,91b5e5af
TRIM21,LR-SCAF00249,TRIM21_SCAF_22,LR00412,C1CCC(CN2CCCCC2)CC1,a4a87fbc
TRIM21,LR-SCAF00167,TRIM21_SCAF_23,LR00413,C1CCC(C2NNCO2)CC1,7891074f
TRIM21,LR-SCAF00231,TRIM21_SCAF_2,LR00414,C1CCCCC1,9970801b
TRIM21,LR-SCAF00220,TRIM21_SCAF_24,LR00415,C1CCC(N2CCNCC2)CC1,92b2068f
TRIM21,LR-SCAF00239,TRIM21_SCAF_25,LR00416,C1CCC(NC2CCOCC2)NC1,9e037e45
TRIM21,LR-SCAF00324,TRIM21_SCAF_26,LR00417,C1CCC2OCOC2C1,da95e4c9
TRIM21,LR-SCAF00231,TRIM21_SCAF_2,LR00418,C1CCCCC1,9970801b
TRIM21,LR-SCAF00345,TRIM21_SCAF_27,LR00419,C1CCC2NCCCC2C1,e8cf6b39
TRIM21,LR-SCAF00231,TRIM21_SCAF_2,LR00420,C1CCCCC1,9970801b
TRIM21,LR-SCAF00270,TRIM21_SCAF_28,LR00421,C1CCC(N2CCNN2)CC1,b3f5828c
TRIM21,LR-SCAF00220,TRIM21_SCAF_24,LR00422,C1CCC(N2CCNCC2)CC1,92b2068f
TRIM21,LR-SCAF00010,TRIM21_SCAF_29,LR00423,C1CCC(CN2CCNC2)CC1,06f0bb70
TRIM21,LR-SCAF00345,TRIM21_SCAF_27,LR00424,C1CCC2NCCCC2C1,e8cf6b39
TRIM21,LR-SCAF00345,TRIM21_SCAF_27,LR00425,C1CCC2NCCCC2C1,e8cf6b39
TRIM21,LR-SCAF00266,TRIM21_SCAF_30,LR00426,C1CN(C2CCNCN2)CCN1,b237ad03
TRIM21,LR-SCAF00095,TRIM21_SCAF_31,LR00427,C1CC(C2NCNO2)CCN1,4201b5e7
TRIM21,LR-SCAF00351,TRIM21_SCAF_32,LR00428,C1CNCCN([C@@H]2NCNS2)C1,f0230b28
TRIM21,LR-SCAF00323,TRIM21_SCAF_33,LR00429,C1CCC(SNC2CCCCN2)CC1,da899d9b
TRIM21,LR-SCAF00231,TRIM21_SCAF_2,LR00430,C1CCCCC1,9970801b
TRIM21,LR-SCAF00220,TRIM21_SCAF_24,LR00431,C1CCC(N2CCNCC2)CC1,92b2068f
TRIM21,LR-SCAF00073,TRIM21_SCAF_34,LR00432,C1NCC(C2NCCS2)N1,3601580f
TRIM21,LR-SCAF00347,TRIM21_SCAF_35,LR00433,C1CSCN1,eccebd60
TRIM21,LR-SCAF00212,TRIM21_SCAF_36,LR00434,C1CO[C@@H](CNC2CCNCC2)C1,8e023bd7
TRIM21,LR-SCAF00355,TRIM21_SCAF_37,LR00435,C1CCC2NCNC2C1,f1399e56
TRIM21,LR-SCAF00275,TRIM21_SCAF_38,LR00436,C1CCC(N2CCCN2)C1,b69839f4
TRIM21,LR-SCAF00219,TRIM21_SCAF_19,LR00437,C1CCNCC1,927a5aa0
TRIM21,LR-SCAF00231,TRIM21_SCAF_2,LR00438,C1CCCCC1,9970801b
TRIM21,LR-SCAF00008,TRIM21_SCAF_39,LR00439,C1CC[C@H]2NCCCC2C1,053d8906
TRIM21,LR-SCAF00191,TRIM21_SCAF_40,LR00440,C1CNOC1,85503210
TRIM21,LR-SCAF00094,TRIM21_SCAF_41,LR00441,C1CCC(C2CCCCC2)CC1,41e54732
TRIM21,LR-SCAF00126,TRIM21_SCAF_42,LR00442,C1CCC(CCN2CCCCC2)CC1,5999df73
TRIM21,LR-SCAF00001,TRIM21_SCAF_43,LR00443,C1CCC(O[C@H]2CCNC2)CC1,0083d9fe
TRIM21,LR-SCAF00365,TRIM21_SCAF_44,LR00444,C1CCN(C2CCNCC2)CC1,fafa892d
TRIM21,LR-SCAF00222,TRIM21_SCAF_45,LR00445,C1CO[C@@H](CNC2NCCS2)CN1,92fee6ac
TRIM21,LR-SCAF00218,TRIM21_SCAF_46,LR00446,C1NNCC2NNCC12,922af821
TRIM21,LR-SCAF00231,TRIM21_SCAF_2,LR00447,C1CCCCC1,9970801b
TRIM21,LR-SCAF00231,TRIM21_SCAF_2,LR00448,C1CCCCC1,9970801b
TRIM21,LR-SCAF00343,TRIM21_SCAF_47,LR00449,C1COC[C@@]2(CCOC2)N1,e7a419a1
TRIM21,LR-SCAF00107,TRIM21_SCAF_48,LR00450,C1COC(CN2CCNCC2)C1,4c4bef8e
TRIM21,LR-SCAF00302,TRIM21_SCAF_49,LR00451,C1CCSCC1,ca2a6d6b
TRIM21,LR-SCAF00302,TRIM21_SCAF_49,LR00452,C1CCSCC1,ca2a6d6b
TRIM21,LR-SCAF00259,TRIM21_SCAF_50,LR00453,C1CCN(C[C@H]2CNCS2)CC1,ac649b90
TRIM21,LR-SCAF00325,TRIM21_SCAF_6,LR00454,C1CCC(N2CCCC2)NC1,dd6e25dc
TRIM21,LR-SCAF00231,TRIM21_SCAF_2,LR00455,C1CCCCC1,9970801b
TRIM21,LR-SCAF00029,TRIM21_SCAF_51,LR00456,C1CNCC(CNCC2CC2)C1,0faf60ca
TRIM21,LR-SCAF00224,TRIM21_SCAF_52,LR00457,C1CCN(SN2CCC2)C1,938a9865
TRIM21,LR-SCAF00306,TRIM21_SCAF_53,LR00458,C1CCN(CN2CCOCC2)CC1,cb3322eb
TRIM21,LR-SCAF00120,TRIM21_SCAF_54,LR00459,C1COC(CN2CCSCC2)C1,546ff65b
TRIM21,LR-SCAF00148,TRIM21_SCAF_55,LR00460,C1CO[C@@H](CNCC2CCNN2)C1,6b18dffe
TRIM21,LR-SCAF00300,TRIM21_SCAF_56,LR00461,C1CC(CNC2CNNC2)C1,c977aab5
TRIM21,LR-SCAF00269,TRIM21_SCAF_57,LR00462,C1CCN(CC2NCON2)CC1,b3d6d51a
TRIM21,LR-SCAF00207,TRIM21_SCAF_58,LR00463,C1CCCC2(CC1)CCCNC2,8c4ac105
TRIM21,LR-SCAF00071,TRIM21_SCAF_59,LR00464,C1CCN([C@H]2NNCS2)CC1,355b794b
TRIM21,LR-SCAF00159,TRIM21_SCAF_60,LR00465,C1CN(CC2CNSN2)CCO1,74f865b6
TRIM21,LR-SCAF00274,TRIM21_SCAF_61,LR00466,C1CCCN(C[C@H]2CCC3OCOC3C2)CC1,b6697a20
TRIM21,LR-SCAF00044,TRIM21_SCAF_62,LR00467,C1CCC(CN2CCOCC2)CC1,1cb86c8a
TRIM21,LR-SCAF00156,TRIM21_SCAF_63,LR00468,C1CS[C@@H](CN2CCNCC2)C1,732bbfed
TRIM21,LR-SCAF00203,TRIM21_SCAF_64,LR00469,C1CCC(N2CCN(CC3CC3)CC2)CC1,8a351e54
TRIM21,LR-SCAF00235,TRIM21_SCAF_65,LR00470,C1CCC(NC[C@@H]2CCCO2)CC1,9b2aa019
TRIM21,LR-SCAF00144,TRIM21_SCAF_66,LR00471,C1C[C@@H]2CNC[C@@H]2C1,650cd44b
TRIM21,LR-SCAF00188,TRIM21_SCAF_67,LR00472,C1COC(CN2CCCC2)C1,83e3ca04
TRIM21,LR-SCAF00038,TRIM21_SCAF_68,LR00473,C1CCC2(CCCC2)OC1,15b30740
TRIM21,LR-SCAF00231,TRIM21_SCAF_2,LR00474,C1CCCCC1,9970801b
TRIM21,LR-SCAF00219,TRIM21_SCAF_19,LR00475,C1CCNCC1,927a5aa0
TRIM21,LR-SCAF00284,TRIM21_SCAF_69,LR00476,C1CNNC1,bc52da4c
TRIM21,LR-SCAF00219,TRIM21_SCAF_19,LR00477,C1CCNCC1,927a5aa0
TRIM21,LR-SCAF00231,TRIM21_SCAF_2,LR00478,C1CCCCC1,9970801b
TRIM21,LR-SCAF00287,TRIM21_SCAF_70,LR00479,C1CCN(CC2CNNC2)C1,bffd5291
TRIM21,LR-SCAF00035,TRIM21_SCAF_71,LR00480,C1CCC(CN2CCNCC2)CC1,133168ec
TRIM21,LR-SCAF00347,TRIM21_SCAF_35,LR00481,C1CSCN1,eccebd60
TRIM21,LR-SCAF00231,TRIM21_SCAF_2,LR00482,C1CCCCC1,9970801b
TRIM21,LR-SCAF00219,TRIM21_SCAF_19,LR00483,C1CCNCC1,927a5aa0
TRIM21,LR-SCAF00220,TRIM21_SCAF_24,LR00484,C1CCC(N2CCNCC2)CC1,92b2068f
TRIM21,LR-SCAF00050,TRIM21_SCAF_72,LR00485,C1CCC2SC3CCCCC3NC2C1,25ff9195
TRIM21,LR-SCAF00068,TRIM21_SCAF_73,LR00486,C1CCC(N2CC3CCCCC3NC2CN2CCNCC2)CC1,33529d62
TRIM21,LR-SCAF00135,TRIM21_SCAF_74,LR00487,C1CCC(C2NNC[C@@H]2CN[C@H]2C[C@@H](C3CCCCC3)C2)CC1,5f481d92
TRIM21,LR-SCAF00354,TRIM21_SCAF_75,LR00488,C1CCC(CNC[C@@H]2CCC(N3CCNC3)[C@H]([C@H]3CNN(CC4CCCCC4)C3)C2)CC1,f0e2956c
TRIM21,LR-SCAF00115,TRIM21_SCAF_76,LR00489,C1CCC(CCCN2C[C@H](C3CCCCC3)C[C@H]2CNCCC2CCNCC2)CC1,52affb69
TRIM21,LR-SCAF00153,TRIM21_SCAF_77,LR00490,C1CCC([C@@H]2C[C@@H](CNCCC3CCNCC3)N(CCCC3CCCO3)C2)CC1,70c32d6f
TRIM21,LR-SCAF00115,TRIM21_SCAF_76,LR00491,C1CCC(CCCN2C[C@H](C3CCCCC3)C[C@H]2CNCCC2CCNCC2)CC1,52affb69
TRIM21,LR-SCAF00109,TRIM21_SCAF_78,LR00492,C1CCC(CNCC2CCC(C3CCCCC3)CC2)CC1,4cab11d7
TRIM24,LR-SCAF00113,TRIM24_SCAF_1,LR00493,C1CC2CC(C3CSCN3)CCC2N1,50e510ac
TRIM24,LR-SCAF00195,TRIM24_SCAF_2,LR00494,C1CCC(OC2CC3NCNC3C[C@H]2NSC2CCCCC2)CC1,879804e0
VHL,LR-SCAF00214,VHL_SCAF_1,LR00495,C1C[C@@H](CNCC2CCC(C3CNCO3)CC2)N(CCC2CCNO2)C1,8f0b3fac
VHL,LR-SCAF00165,VHL_SCAF_2,LR00496,C1CCC(C2CCC(CNC[C@@H]3CCCN3CC[C@@H]3CCNO3)CC2)CC1,7869e375
VHL,LR-SCAF00051,VHL_SCAF_3,LR00497,C1CCC(CNC[C@@H]2CCCN2CCC2CCNO2)CC1,2765e0b6
VHL,LR-SCAF00051,VHL_SCAF_3,LR00498,C1CCC(CNC[C@@H]2CCCN2CCC2CCNO2)CC1,2765e0b6
VHL,LR-SCAF00020,VHL_SCAF_4,LR00499,C1CCNC1,0c9c5086
VHL,LR-SCAF00129,VHL_SCAF_5,LR00500,C1CCC(CNC[C@@H]2CCCN2CC2CCCCC2)CC1,5af33132
VHL,LR-SCAF00033,VHL_SCAF_6,LR00501,C1CCC(CN2CCC[C@H]2CNCC2CCC([C@H]3CNCS3)CC2)CC1,12b930c3
VHL,LR-SCAF00295,VHL_SCAF_7,LR00502,C1CN[C@H](CNCC2CCC(C3CNCO3)CC2)C1,c36e270e
VHL,LR-SCAF00014,VHL_SCAF_8,LR00503,C1CCN(CC[C@@H]2CCNO2)C1,0b44a4fd
VHL,LR-SCAF00295,VHL_SCAF_7,LR00504,C1CN[C@H](CNCC2CCC(C3CNCO3)CC2)C1,c36e270e
VHL,LR-SCAF00295,VHL_SCAF_7,LR00505,C1CN[C@H](CNCC2CCC(C3CNCO3)CC2)C1,c36e270e
VHL,LR-SCAF00097,VHL_SCAF_9,LR00506,C1CN[C@H](CNCC2CCC(C3CNCS3)CC2)C1,4479504e
VHL,LR-SCAF00097,VHL_SCAF_9,LR00507,C1CN[C@H](CNCC2CCC(C3CNCS3)CC2)C1,4479504e
VHL,LR-SCAF00097,VHL_SCAF_9,LR00508,C1CN[C@H](CNCC2CCC(C3CNCS3)CC2)C1,4479504e
VHL,LR-SCAF00097,VHL_SCAF_9,LR00509,C1CN[C@H](CNCC2CCC(C3CNCS3)CC2)C1,4479504e
VHL,LR-SCAF00356,VHL_SCAF_10,LR00510,C1CN[C@H](CN2CCC[C@H]2CNCC2CCC(C3CNCS3)CC2)C1,f19493ee
VHL,LR-SCAF00102,VHL_SCAF_11,LR00511,C1CN[C@H](CNCC2CCC([C@H]3CNCS3)CC2)C1,47ad247e
VHL,LR-SCAF00330,VHL_SCAF_12,LR00512,C1CCC(CCCNCCN2CCC[C@H]2CNCC2CCC(C3CNCS3)CC2)CC1,e14c9710
VHL,LR-SCAF00097,VHL_SCAF_9,LR00513,C1CN[C@H](CNCC2CCC(C3CNCS3)CC2)C1,4479504e
VHL,LR-SCAF00360,VHL_SCAF_13,LR00514,C1C[C@@H](CNCC2CCC(C3CNCS3)CC2)N(CCNCC2CC2)C1,f5abcc43
VHL,LR-SCAF00097,VHL_SCAF_9,LR00515,C1CN[C@H](CNCC2CCC(C3CNCS3)CC2)C1,4479504e
VHL,LR-SCAF00360,VHL_SCAF_13,LR00516,C1C[C@@H](CNCC2CCC(C3CNCS3)CC2)N(CCNCC2CC2)C1,f5abcc43
VHL,LR-SCAF00360,VHL_SCAF_13,LR00517,C1C[C@@H](CNCC2CCC(C3CNCS3)CC2)N(CCNCC2CC2)C1,f5abcc43
VHL,LR-SCAF00097,VHL_SCAF_9,LR00518,C1CN[C@H](CNCC2CCC(C3CNCS3)CC2)C1,4479504e
VHL,LR-SCAF00360,VHL_SCAF_13,LR00519,C1C[C@@H](CNCC2CCC(C3CNCS3)CC2)N(CCNCC2CC2)C1,f5abcc43
VHL,LR-SCAF00360,VHL_SCAF_13,LR00520,C1C[C@@H](CNCC2CCC(C3CNCS3)CC2)N(CCNCC2CC2)C1,f5abcc43
VHL,LR-SCAF00265,VHL_SCAF_14,LR00521,C1CC(CNCCN2CCC[C@H]2CNCC2CCC(C3CNCS3)CC2)C1,b0dfe869
VHL,LR-SCAF00122,VHL_SCAF_15,LR00522,C1C[C@@H](CNCC2CCC(C3CNCS3)CC2)N(CCNCC2COC2)C1,55516ce1
VHL,LR-SCAF00097,VHL_SCAF_9,LR00523,C1CN[C@H](CNCC2CCC(C3CNCS3)CC2)C1,4479504e
VHL,LR-SCAF00097,VHL_SCAF_9,LR00524,C1CN[C@H](CNCC2CCC(C3CNCS3)CC2)C1,4479504e
VHL,LR-SCAF00097,VHL_SCAF_9,LR00525,C1CN[C@H](CNCC2CCC(C3CNCS3)CC2)C1,4479504e
VHL,LR-SCAF00097,VHL_SCAF_9,LR00526,C1CN[C@H](CNCC2CCC(C3CNCS3)CC2)C1,4479504e
VHL,LR-SCAF00097,VHL_SCAF_9,LR00527,C1CN[C@H](CNCC2CCC(C3CNCS3)CC2)C1,4479504e
VHL,LR-SCAF00063,VHL_SCAF_16,LR00528,C1CCC(N2CCCC2)CC1,3091a07a
VHL,LR-SCAF00039,VHL_SCAF_17,LR00529,C1C[C@@H](CNCC2CCC([C@H]3CNCS3)CC2)N(CCNCC2CC2)C1,169d2e4b
VHL,LR-SCAF00051,VHL_SCAF_3,LR00530,C1CCC(CNC[C@@H]2CCCN2CCC2CCNO2)CC1,2765e0b6
VHL,LR-SCAF00344,VHL_SCAF_18,LR00531,C1C[C@@H](CNC[C@H]2CC[C@H](C3CNCS3)CC2)N(CC[C@@H]2CCNO2)C1,e7dc5dc6
VHL,LR-SCAF00054,VHL_SCAF_19,LR00532,C1C[C@@H](CNCC2CCC(C3CNCS3)CC2)N(CC[C@@H]2CCNO2)C1,2a117df0
VHL,LR-SCAF00308,VHL_SCAF_20,LR00533,C1C[C@@H](C2NOC(C3CCC([C@H]4CNCS4)CC3)N2)N(CC[C@@H]2CCNO2)C1,cdc78116
VHL,LR-SCAF00264,VHL_SCAF_21,LR00534,C1C[C@@H](CNOC2CCC(C3CNCS3)CC2)N(CCC2CCNO2)C1,aeac063c
VHL,LR-SCAF00128,VHL_SCAF_22,LR00535,C1CC2CC([C@@H]3CNCS3)CCC2[C@@H](NC[C@@H]2CCCN2CCNCC2CC2)C1,59b05290
VHL,LR-SCAF00360,VHL_SCAF_13,LR00536,C1C[C@@H](CNCC2CCC(C3CNCS3)CC2)N(CCNCC2CC2)C1,f5abcc43
VHL,LR-SCAF00360,VHL_SCAF_13,LR00537,C1C[C@@H](CNCC2CCC(C3CNCS3)CC2)N(CCNCC2CC2)C1,f5abcc43
VHL,LR-SCAF00074,VHL_SCAF_23,LR00538,C1CC[C@@H](N2CCC[C@H](CNCC3CCC([C@H]4CNCS4)CC3)C2)NC1,365c2417
VHL,LR-SCAF00206,VHL_SCAF_24,LR00539,C1CNCN1,8b7236b6
VHL,LR-SCAF00105,VHL_SCAF_25,LR00540,C1C[N]([Re][N]2CCNC2)CN1,491e9e63
VHL,LR-SCAF00057,VHL_SCAF_26,LR00541,C1C[C@@H](CNCC2CCC([C@H]3CNCS3)CC2)N(CC[C@@H]2CCNO2)C1,2bcd9a35
VHL,LR-SCAF00097,VHL_SCAF_9,LR00542,C1CN[C@H](CNCC2CCC(C3CNCS3)CC2)C1,4479504e
VHL,LR-SCAF00061,VHL_SCAF_27,LR00543,C1C[C@@H](CNCC2CCC(C3CNCS3)CC2)N(CCN2CC(C3CC3)NN2)C1,2ddaaf80
VHL,LR-SCAF00307,VHL_SCAF_28,LR00544,C1C[C@@H](CNCC2CCC([C@H]3CNCS3)CC2)N(C[C@H](CSC[C@H]2CC[C@@H](CN3CCOCC3)CC2)NCC2CC2)C1,cb9c95d5
VHL,LR-SCAF00041,VHL_SCAF_29,LR00545,C1C[C@@H](CNCC2CCC(C3CNCS3)CC2)N(C[C@H](CSC[C@H]2CC[C@H](CN3CCOCC3)CC2)NCC2CC2)C1,178aadff
VHL,LR-SCAF00260,VHL_SCAF_30,LR00546,C1CCC(CC[C@@H]2N[C@@H]3C[C@H](C4CNOC4)CC[C@@H]3N2CCN2CCNCC2)CC1,acdbdd5f
VHL,LR-SCAF00293,VHL_SCAF_31,LR00547,C1CCC(CCC2NC3C[C@H]([C@H]4CNOC4)CCC3N2CCN2CCNCC2)CC1,c2d55d93
VHL,LR-SCAF00206,VHL_SCAF_24,LR00548,C1CNCN1,8b7236b6
VHL,LR-SCAF00105,VHL_SCAF_25,LR00549,C1C[N]([Re][N]2CCNC2)CN1,491e9e63
VHL,LR-SCAF00362,VHL_SCAF_32,LR00550,C1CCC(OCC2CNNC2)CC1,f6b8692a
VHL,LR-SCAF00035,VHL_SCAF_33,LR00551,C1CCC(CN2CCNCC2)CC1,133168ec
VHL,LR-SCAF00360,VHL_SCAF_13,LR00552,C1C[C@@H](CNCC2CCC(C3CNCS3)CC2)N(CCNCC2CC2)C1,f5abcc43
VHL,LR-SCAF00311,VHL_SCAF_34,LR00553,C1CCN(CC2CC2)[C@H](CN2CCC[C@H]2CNCC2CCC(C3CNCS3)CC2)C1,ceae9cd4
XIAP,LR-SCAF00242,XIAP_SCAF_1,LR00554,C1CCC2C(C1)CCC[C@H]2NC[C@@H]1CCCN1,9efc1c1e
XIAP,LR-SCAF00358,XIAP_SCAF_2,LR00555,C1CCC(O[C@@H]2CN[C@H](CN[C@@H]3CCCC4CCCCC43)C2)CC1,f3e29005
XIAP,LR-SCAF00267,XIAP_SCAF_3,LR00556,C1CCC(C(NC[C@@H]2CC[C@@H]3CCCCCCN32)C2CCCCC2)CC1,b3763965
XIAP,LR-SCAF00047,XIAP_SCAF_4,LR00557,C1CCC2C(CCNC[C@@H]3CCCN3CC3COCN3)CNC2C1,1fbf69f8
XIAP,LR-SCAF00053,XIAP_SCAF_5,LR00558,C1CCC(C(NC[C@@H]2CC[C@@H]3CCCCCN32)C2CCCCC2)CC1,27da9cc8
XIAP,LR-SCAF00053,XIAP_SCAF_5,LR00559,C1CCC(C(NC[C@@H]2CC[C@@H]3CCCCCN32)C2CCCCC2)CC1,27da9cc8
XIAP,LR-SCAF00053,XIAP_SCAF_5,LR00560,C1CCC(C(NC[C@@H]2CC[C@@H]3CCCCCN32)C2CCCCC2)CC1,27da9cc8
XIAP,LR-SCAF00053,XIAP_SCAF_5,LR00561,C1CCC(C(NC[C@@H]2CC[C@@H]3CCCCCN32)C2CCCCC2)CC1,27da9cc8
XIAP,LR-SCAF00255,XIAP_SCAF_6,LR00562,C1CCC(CCN2CCC[C@H]2CNC2CCCCC2C2NCCCN2)CC1,aa237c1e
XIAP,LR-SCAF00067,XIAP_SCAF_7,LR00563,C1CCC(CCN2C[C@H]3CCCN3C[C@H]2CN[C@@H]2CCOC3CCCCC32)CC1,333d7b8c
XIAP,LR-SCAF00003,XIAP_SCAF_8,LR00564,C1CCC(CN2CCCN(CC3CCCC4CCCCC43)C3CCCC[C@H]32)CC1,00b73929
XIAP,LR-SCAF00317,XIAP_SCAF_9,LR00565,C1CCC2C(C1)CCCC2CN1CCC2(CCOCC2)O[C@H]2CCCCC21,d360b04b
XIAP,LR-SCAF00231,XIAP_SCAF_10,LR00566,C1CCCCC1,9970801b
XIAP,LR-SCAF00350,XIAP_SCAF_11,LR00567,C1C[C@H](N2CCNN2)CN1,ef4106a4
XIAP,LR-SCAF00231,XIAP_SCAF_10,LR00568,C1CCCCC1,9970801b
XIAP,LR-SCAF00037,XIAP_SCAF_1511e832,LR00569,CC(C)[C@H](NC(O)[C@H](C)[NH3+])C(N)O,1511e832
XIAP,LR-SCAF00111,XIAP_SCAF_12,LR00570,C1CNN(C2CC[NH2+]CC2)C1,4d932007
XIAP,LR-SCAF00304,XIAP_SCAF_13,LR00571,C1CCN(CCN2CC[NH2+]CC2)CC1,ca742bc7
XIAP,LR-SCAF00219,XIAP_SCAF_14,LR00572,C1CCNCC1,927a5aa0
XIAP,LR-SCAF00314,XIAP_SCAF_15,LR00573,C1CCC2C(C1)CCN2CCN1CC[NH2+]CC1,d01f36bc
XIAP,LR-SCAF00186,XIAP_SCAF_16,LR00574,C1CCN(CCN2CC[NH2+]CC2)C1,832ce6bf
XIAP,LR-SCAF00314,XIAP_SCAF_15,LR00575,C1CCC2C(C1)CCN2CCN1CC[NH2+]CC1,d01f36bc
XIAP,LR-SCAF00246,XIAP_SCAF_17,LR00576,C1CC2C(CCN2CCN2CC[NH2+]CC2)CN1,a26eb8ba
XIAP,LR-SCAF00026,XIAP_SCAF_18,LR00577,C1CCC(CC2CC3C(CCN3CCN3CC[NH2+]CC3)CN2)CC1,0e582485
XIAP,LR-SCAF00246,XIAP_SCAF_17,LR00578,C1CC2C(CCN2CCN2CC[NH2+]CC2)CN1,a26eb8ba
XIAP,LR-SCAF00361,XIAP_SCAF_19,LR00579,C1CCC(CC2CC3C(CCN3CCN3CC[NH2+]C[C@@H]3CN3CCCN3)CN2)CC1,f5e74ae5
XIAP,LR-SCAF00096,XIAP_SCAF_20,LR00580,C1CCC(CC2CNC3CCN(CCN4CC[NH2+]CC4)C3C2)CC1,44341e76
XIAP,LR-SCAF00124,XIAP_SCAF_21,LR00581,C1CCC(CC2CNC3CCN(CCN4CC[NH2+]C[C@@H]4CN4CCOCC4)C3C2)CC1,56715195
XIAP,LR-SCAF00124,XIAP_SCAF_21,LR00582,C1CCC(CC2CNC3CCN(CCN4CC[NH2+]C[C@@H]4CN4CCOCC4)C3C2)CC1,56715195
XIAP,LR-SCAF00016,XIAP_SCAF_22,LR00583,C1CCC(CC2CNC3CCN(CCN4CC[NH2+]C[C@@H]4CN4CCCC4)C3C2)CC1,0bf24258
XIAP,LR-SCAF00124,XIAP_SCAF_21,LR00584,C1CCC(CC2CNC3CCN(CCN4CC[NH2+]C[C@@H]4CN4CCOCC4)C3C2)CC1,56715195
XIAP,LR-SCAF00100,XIAP_SCAF_23,LR00585,C1CCC(CNC[C@@H]2CC[C@@H]3CCCCCN32)CC1,45f0c228
XIAP,LR-SCAF00124,XIAP_SCAF_21,LR00586,C1CCC(CC2CNC3CCN(CCN4CC[NH2+]C[C@@H]4CN4CCOCC4)C3C2)CC1,56715195
XIAP,LR-SCAF00013,XIAP_SCAF_24,LR00587,C1CCC(CC2CNC3CCN(CCN4CC[NH2+]C[C@@H]4CN4CC5CCCCC5C4)C3C2)CC1,0a042f59
XIAP,LR-SCAF00043,XIAP_SCAF_1bd1f33b,LR00588,CCOCCOCC.COCCOCCOCCO,1bd1f33b
XIAP,LR-SCAF00231,XIAP_SCAF_10,LR00589,C1CCCCC1,9970801b
XIAP,LR-SCAF00353,XIAP_SCAF_25,LR00590,C1CCC2CCCC2C1,f0ab0e88
cIAP1,LR-SCAF00053,cIAP1_SCAF_1,LR00591,C1CCC(C(NC[C@@H]2CC[C@@H]3CCCCCN32)C2CCCCC2)CC1,27da9cc8
cIAP1,LR-SCAF00140,cIAP1_SCAF_2,LR00592,C1CCC(CNCC[C@H]2CC[C@H]3CC[C@@H](CNC(C4CCCCC4)C4CCCCC4)N3CC2)CC1,626f25b5
cIAP1,LR-SCAF00005,cIAP1_SCAF_3,LR00593,C1CCC(C2CSNN2)CC1,00e15ffe
cIAP1,LR-SCAF00231,cIAP1_SCAF_4,LR00594,C1CCCCC1,9970801b
cIAP1,LR-SCAF00079,cIAP1_SCAF_5,LR00595,C1CCC(CCN2C[C@H]3CCCN3C[C@H]2CN[C@@H]2CCCC3CCCCC32)CC1,37d997fe
cIAP1,LR-SCAF00067,cIAP1_SCAF_6,LR00596,C1CCC(CCN2C[C@H]3CCCN3C[C@H]2CN[C@@H]2CCOC3CCCCC32)CC1,333d7b8c
cIAP1,LR-SCAF00045,cIAP1_SCAF_7,LR00597,C1CCC(CCN2C[C@H]3C[C@@H]4C[C@@H]4N3C[C@H]2CN[C@@H]2CCOC3CCCCC32)CC1,1f579ed4
cIAP1,LR-SCAF00067,cIAP1_SCAF_6,LR00598,C1CCC(CCN2C[C@H]3CCCN3C[C@H]2CN[C@@H]2CCOC3CCCCC32)CC1,333d7b8c
cIAP1,LR-SCAF00067,cIAP1_SCAF_6,LR00599,C1CCC(CCN2C[C@H]3CCCN3C[C@H]2CN[C@@H]2CCOC3CCCCC32)CC1,333d7b8c
cIAP1,LR-SCAF00326,cIAP1_SCAF_8,LR00600,C1CCC(CCN2C[C@@H]3CC4CCCC[C@@H]4N3C[C@H]2CN[C@@H]2CCOC3CCCCC32)CC1,de9a4163
cIAP1,LR-SCAF00124,cIAP1_SCAF_9,LR00601,C1CCC(CC2CNC3CCN(CCN4CC[NH2+]C[C@@H]4CN4CCOCC4)C3C2)CC1,56715195
cIAP1,LR-SCAF00100,cIAP1_SCAF_10,LR00602,C1CCC(CNC[C@@H]2CC[C@@H]3CCCCCN32)CC1,45f0c228
cIAP1,LR-SCAF00136,cIAP1_SCAF_11,LR00603,C1CCC(CCN2CCC[C@H]2C2NC(CC3CCCCC3)CS2)CC1,5f5a5983
