SMILES,Recruiter_1,Recruiter_2,Recruiter_3,Recruiter_4,Recruiter_5,Recruiter_6,Recruiter_7,Recruiter_8,Recruiter_9,Recruiter_10,Recruiter_11,Recruiter_12,Recruiter_13,Recruiter_14,Recruiter_15,Recruiter_16,Recruiter_17,Recruiter_18,Recruiter_19,Recruiter_20
BrC1CCC([C@H]2O[C@H]3CCCCC3C3NC4NCNN4[C@@H](C4CCC(Br)CC4)C32)CC1,LR00266,,,,,,,,,,,,,,,,,,,
BrC1CNN(C2CC[NH2+]CC2)C1,LR00570,,,,,,,,,,,,,,,,,,,
C1CNC(N2CC[C@]3(CCOC3)C2)CN1,LR00390,,,,,,,,,,,,,,,,,,,
C1CO[C@@H](CNC2CCNCC2)C1,LR00434,,,,,,,,,,,,,,,,,,,
CC(C)(C)CN1C[C@@H](N)[C@H](C2CCCC(Cl)C2)[C@]12C(O)NC1CC(Cl)CCC12,LR00323,,,,,,,,,,,,,,,,,,,
CC(C)(C)C[C@@H](O)N1C[C@H](O)C[C@H]1C(O)NCC1CCC(C2CNCO2)CC1,LR00504,,,,,,,,,,,,,,,,,,,
CC(C)(C)C[C@@H](O)N1C[C@H](O)C[C@H]1C(O)NCC1CCC(C2CNCS2)CC1,LR00506,,,,,,,,,,,,,,,,,,,
CC(C)(C)C[C@@H]1N[C@@H](C(O)NC2CCC(C(N)O)CC2)[C@H](C2CCCC(Cl)C2F)[C@]12C(O)NC1CC(Cl)CCC12,LR00295,,,,,,,,,,,,,,,,,,,
CC(C)(C)C[C@@H]1N[C@@H](C(O)NCCN)[C@H]([C@@H]2CCC[C@H](Cl)C2F)[C@]12C(O)NC1CC(Cl)CCC12,LR00292,,,,,,,,,,,,,,,,,,,
CC(C)(C)C[C@@H]1N[C@@H](C(O)NCC[C@H](O)CO)[C@H](C2CCCC(Cl)C2)[C@@]1(CN)C1CCC(Cl)CC1,LR00287,,,,,,,,,,,,,,,,,,,
CC(C)(C)C[C@@H]1N[C@@H](C(O)NCC[C@H](O)CO)[C@H](C2CCCC(Cl)C2F)[C@@]1(CN)C1CCC(Cl)CC1F,LR00288,,,,,,,,,,,,,,,,,,,
CC(C)(C)C[C@@H]1N[C@@H](C(O)N[C@H]2CC[C@H](O)CC2)[C@H]([C@@H]2CCCC(Cl)C2F)[C@]12C(O)NC1CC(Cl)CCC12,LR00330,,,,,,,,,,,,,,,,,,,
CC(C)(C)C[C@H]1N[C@@H]([C@H](N)O)[C@@H]([C@@H]2CCCC(Cl)C2F)[C@]12C(O)NC1CC(Cl)CCC12,LR00270,,,,,,,,,,,,,,,,,,,
CC(C)(C)NC(O)CC1CC[C@@H](Cl)CC1N1C(C2CCCCC2)N[C@@H](C2NNNN2)[C@@H]1[C@@H]1CCC(F)C(Cl)C1,LR00345,,,,,,,,,,,,,,,,,,,
CC(C)(C)NC(O)[C@@H]([C@@H]1C2CCC(Cl)CC2NC1C(O)O)N(CO)CC1CC(F)C(F)C(F)C1,LR00328,,,,,,,,,,,,,,,,,,,
CC(C)(C)NC(O)[C@@]1([C@@H]2C3CCC(Cl)CC3NC2C(O)O)N2[C@H](O)[C@]21C1CCC(OCC2CCC(Cl)CC2)CC1,LR00297,,,,,,,,,,,,,,,,,,,
CC(C)(C)NC(O)[C@H](C1C2CCC(Cl)CC2NC1C(O)O)N(CO)CC1CCC(Cl)CC1,LR00271,,,,,,,,,,,,,,,,,,,
CC(C)(C)N[C@@H](O)C([C@@H]1C2CCC(Cl)CC2NC1C(O)O)N(CO)CC1CCC(F)C(F)C1,LR00272,,,,,,,,,,,,,,,,,,,
CC(C)(C)S(O)(O)C[C@H](C1CC1)N1C(O)[C@@H](CC(O)O)O[C@H](C2CCCC(Cl)C2)[C@H]1C1CCC(Cl)CC1,LR00302,,,,,,,,,,,,,,,,,,,
CC(C)(C)S(O)(O)C[C@H](C1CC1)N1C(O)[C@@](C)(CC2CCC(C(O)O)CN2)O[C@H](C2CCCC(Cl)C2)[C@H]1C1CCC(Cl)CC1,LR00307,,,,,,,,,,,,,,,,,,,
CC(C)(C)S(O)(O)C[C@H](C1CC1)N1C(O)[C@@](C)(C[C@H]2CCC(C(O)O)CN2)C[C@H](C2CCCC(Cl)C2)[C@H]1[C@H]1CC[C@H](Cl)CC1,LR00306,,,,,,,,,,,,,,,,,,,
CC(C)(C)S(O)(O)C[C@H](C1CC1)N1C(O)[C@](C)(CC2CCC(C(O)O)CN2)O[C@H](C2CCCC(Cl)C2)[C@H]1C1CCC(Cl)CC1,LR00305,,,,,,,,,,,,,,,,,,,
CC(C)(C)S(O)(O)C[C@H](C1CC1)N1[C@H](C2CCC(Cl)C(F)C2)[C@@H](C2CCCC(Cl)C2)C[C@](C)(CC2NCC(CC(O)O)S2)[C@H]1O,LR00304,,,,,,,,,,,,,,,,,,,
CC(C)(CC1CCCCC1)C1CC2CCCCC2C2NCCN21,LR00126,LR00127,,,,,,,,,,,,,,,,,,
CC(C)(O)C1CC(F)[C@H]2C(C1)C(O)N(CC1CCC(Cl)CN1)[C@@]2(OCC1(O)CC1)C1CCC(Cl)CC1,LR00354,,,,,,,,,,,,,,,,,,,
CC(C)(O)[C@@H]1CC(F)[C@H]2C(C1)C(O)N(CC1CCC(CN)CN1)[C@@]2(OCC1(CO)CC1)[C@H]1CC[C@@H](Cl)CC1,LR00355,,,,,,,,,,,,,,,,,,,
CC(C)(O)[C@@H]1CC(F)[C@H]2C(C1)C(O)N(CC1CCC(Cl)CN1)[C@@]2(OCC1(C(N)O)CC1)C1CCC(Cl)CC1,LR00353,,,,,,,,,,,,,,,,,,,
CC(C)(O)[C@@H]1CC(F)[C@H]2C(C1)C(O)N(CC1CC[C@@H](Cl)CN1)[C@@]2(OCC1(CO)CC1)[C@H]1CC[C@@H](Cl)CC1,LR00357,,,,,,,,,,,,,,,,,,,
CC(C)C1NNC2C1[C@H]([C@@H]1CCC(Cl)CC1C)N(C1CCCC(Cl)C1F)C2O,LR00343,,,,,,,,,,,,,,,,,,,
CC(C)CC(O)N[C@H]1C[C@H](O)NC1O,LR00041,,,,,,,,,,,,,,,,,,,
CC(C)C[C@@H](CO)N[C@@H](C)O,LR00318,,,,,,,,,,,,,,,,,,,
CC(C)C[C@H](N)CNCO,LR00373,,,,,,,,,,,,,,,,,,,
CC(C)C[C@H](NC(C)O)C(O)N[C@H](C(O)N1C[C@H](O)C[C@H]1C(O)NCC1CCC([C@@H]2SCNC2C)CC1)C(C)(C)C,LR00511,,,,,,,,,,,,,,,,,,,
CC(C)C[C@H](N[C@H](C1C2CCC(Cl)CC2N[C@H]1[C@@H](O)NO)[C@@H](O)NCC1CCCCC1)[C@@H](O)NO,LR00298,LR00299,,,,,,,,,,,,,,,,,,
CC(C)N(C)C1NCNC2C1CNN2C,LR00403,LR00404,,,,,,,,,,,,,,,,,,
CC(C)N1CCN(C(O)[C@H]2CCCS2)CC1,LR00468,,,,,,,,,,,,,,,,,,,
CC(C)N1CCN(CC2CCCCC2F)CC1,LR00551,,,,,,,,,,,,,,,,,,,
CC(C)OC1CCCC(C2CCCC(N3NCC(C([O-])O)C3C(F)(F)F)N2)C1,LR00216,,,,,,,,,,,,,,,,,,,
CC(C)[C@H](NC(O)[C@H](C)[NH3+])C(N)O,LR00569,,,,,,,,,,,,,,,,,,,
CC(C)[C@H]1[C@H]([C@H](O)N2CCC[C@H]2C(O)N(C)C)SC2N[C@@](C)(C3CCC(Cl)CC3)[C@@H](C3CCC(Cl)CC3)N21,LR00275,,,,,,,,,,,,,,,,,,,
CC(O)N1CC2C(C3CCC(C(O)N4CCCC5CCCCC54)CC3)CNN2C[C@@H]1CC1CCCCC1,LR00378,,,,,,,,,,,,,,,,,,,
CC(O)N1CCCC2(CCCCCC2)C1,LR00463,,,,,,,,,,,,,,,,,,,
CC(O)N1CCC[C@H](CNS(C)(O)O)C1,LR00408,,,,,,,,,,,,,,,,,,,
CC(O)N1CCC[C@H]([C@]2(CC3CCCC(Cl)C3)C(O)NC3CC(Cl)CCC32)C1,LR00294,,,,,,,,,,,,,,,,,,,
CC(O)N1CCC[C@H]1C(O)N[C@@H]1COC(O)C2CCCC(C3CCCC(C(O)O)C3)C2CSC[C@H](C(O)N(C)C)N[C@H]1O,LR00226,,,,,,,,,,,,,,,,,,,
CC(O)N1CCC[C@H]1C(O)N[C@@H]1COC(O)C2CCCCC2CSC[C@H](C(O)N(C)C)NC1O,LR00196,,,,,,,,,,,,,,,,,,,
CC(O)N1CCC[C@H]1C(O)N[C@@H]1COC(O)C2CCC[C@H](C3CCC(C(O)O)CC3)C2CSC[C@H](C(O)N(C)C)NC1O,LR00227,,,,,,,,,,,,,,,,,,,
CC(O)N1CCC[C@H]1C(O)N[C@@H]1CO[C@@H](O)C2CCCC(C3CCCC4NONC43)C2CSC[C@H](C(O)N(C)C)NC1O,LR00225,,,,,,,,,,,,,,,,,,,
CC(O)N1CCC[C@H]1[C@@H](O)N[C@@H]1CO[C@@H](O)[C@H]2CCCCC2C[S@H](O)C[C@H](C(O)N(C)C)NC1O,LR00223,,,,,,,,,,,,,,,,,,,
CC(O)N1CCN(C(N)O)CC1,LR00399,,,,,,,,,,,,,,,,,,,
CC(O)N1CCN(C2CCC(Cl)CC2)CC1,LR00484,,,,,,,,,,,,,,,,,,,
CC(O)N1CCN(C2CCC3C(C2)N[C@H](C2(C4CCC(Cl)CC4)CCCC2)NC3NCCN)CC1,LR00132,LR00133,,,,,,,,,,,,,,,,,,
CC(O)N1CCN([C@@H]2CC[C@H]3[C@H](NCCN)N[C@@H](C4(C5CCC(Cl)CC5)CCCCC4)N[C@@H]3C2)CC1,LR00134,LR00135,,,,,,,,,,,,,,,,,,
CC(O)N1C[C@H]2CC[C@@H]1C1CCCC[C@@H]12,LR00394,,,,,,,,,,,,,,,,,,,
CC(O)NC1(C(O)N[C@H](C(O)N2C[C@H](O)C[C@H]2[C@H](O)NCC2CCC(C3SCNC3C)CC2)C(C)(C)C)CC1,LR00520,,,,,,,,,,,,,,,,,,,
CC(O)NC1CC2OCOC2CC1C,LR00417,,,,,,,,,,,,,,,,,,,
CC(O)NC1CCC(CN2CCOCC2)CC1,LR00467,,,,,,,,,,,,,,,,,,,
CC(O)NC1CCC([C@H]2CCNO2)CC1,LR00181,,,,,,,,,,,,,,,,,,,
CC(O)NCC1CCNC(N(C)C)C1,LR00410,,,,,,,,,,,,,,,,,,,
CC(O)N[C@@H](C)[C@H](O)N1C[C@H](O)C[C@H]1C(O)NCC1CCC(C2SCNC2C)CC1,LR00518,,,,,,,,,,,,,,,,,,,
CC(O)N[C@@H](C)[C@H](O)N1C[C@H](O)C[C@H]1[C@H](S)NCC1CCC(C2SCNC2C)CC1,LR00523,,,,,,,,,,,,,,,,,,,
CC(O)N[C@@H](C)[C@H](S)N1C[C@H](O)C[C@H]1C(O)NCC1CCC(C2SCNC2C)CC1,LR00524,,,,,,,,,,,,,,,,,,,
CC(O)N[C@@H](C)[C@H](S)N1C[C@H](O)C[C@H]1[C@H](S)NCC1CCC(C2SCNC2C)CC1,LR00525,,,,,,,,,,,,,,,,,,,
CC(O)N[C@@H](CC1CCCCC1)[C@@H](O)N[C@H](C(O)N1C[C@H](O)C[C@H]1[C@H](O)NCC1CCC(C2SCNC2C)CC1)C(C)(C)C,LR00512,,,,,,,,,,,,,,,,,,,
CC(O)N[C@@H]1CCCC(CNC(O)[C@H](CC2CCC(O[PH](O)(O)O)CC2)NC(O)CC2CCC(F)CC2)C1,LR00381,,,,,,,,,,,,,,,,,,,
CC(O)N[C@H](C(O)N1C[C@H](O)[C@H](F)[C@H]1[C@H](O)NCC1CCC(C2SCNC2C)CC1)C(C)(C)C,LR00526,,,,,,,,,,,,,,,,,,,
CC(O)N[C@H]([C@@H](O)N1C[C@H](O)[C@@H](F)[C@H]1[C@H](O)NCC1CCC(C2SCNC2C)CC1)C(C)(C)C,LR00527,,,,,,,,,,,,,,,,,,,
CC(O)N[C@H]([C@@H](O)N[C@H](C(O)N1C[C@H](O)C[C@H]1C(O)NCC1CCC(C2SCNC2C)CC1)C(C)(C)C)C(C)(C)C,LR00513,,,,,,,,,,,,,,,,,,,
CC(O)N[C@H]1CN[C@@H]2CCCCC2C1,LR00439,,,,,,,,,,,,,,,,,,,
CC(O)O[C@H]1C[C@H](O)[C@]2(C)[C@@H]1[C@H](C)C[C@@H]1OC(O)[C@H](C)[C@H]1[C@@H]2OC(C)O,LR00180,,,,,,,,,,,,,,,,,,,
CC(O)[C@H]1CCC2SC3CCCCC3N(CCCN(C)C)C2C1,LR00485,,,,,,,,,,,,,,,,,,,
CC1(C)CC[C@]2(C(O)O)CC[C@]3(C)[C@H](C(O)CC4[C@@]5(C)CC(CN)C(O)C(C)(C)[C@@H]5CC[C@]43C)[C@@H]2C1,LR00160,,,,,,,,,,,,,,,,,,,
CC1(C)CN(C2NCCCC2F)C[C@@H]1O,LR00454,,,,,,,,,,,,,,,,,,,
CC1C(Cl)CCC[C@H]1NC(O)[C@@H]1CCCO1,LR00470,,,,,,,,,,,,,,,,,,,
CC1C([C@@H](C)NS(C)(O)O)CNN1C,LR00476,,,,,,,,,,,,,,,,,,,
CC1C2NN3C(C[C@H]4[C@@H]3[C@H](C3CCCC(Cl)C3F)[C@]3(C(O)NC5CC(Cl)CCC53)N4CC3CC3)C2CC[C@@H]1C(O)O,LR00372,,,,,,,,,,,,,,,,,,,
CC1C2[C@H](C3CCC(Cl)CC3)N[C@@H](CC(O)NCCCCCCCCC(O)N[C@@H](C)C(O)N[C@H]3CCC(O)NC3O)[C@@H]3NNC(C)N3[C@@H]2S[C@@H]1C,LR00112,,,,,,,,,,,,,,,,,,,
CC1CC(C(O)NC2CCCC([C@]3(C)CCNC(O)O3)C2)NC(C2CC2)N1,LR00116,,,,,,,,,,,,,,,,,,,
CC1CC(C)C(C)C(S(O)(O)N(CC(O)O)C2CCCC(N3NCC(C(O)O)[C@H]3C3CC3)C2)C1C,LR00204,,,,,,,,,,,,,,,,,,,
CC1CC(C)C(C)C(S(O)(O)NC2CCC(N3CC[C@H](C(O)O)C3)C3CCCCC23)C1C,LR00170,,,,,,,,,,,,,,,,,,,
CC1CC(C)C(C)C(S(O)(O)NC2CCC[C@H](N3NCC(C(O)O)[C@H]3C3CC3)C2)C1C,LR00200,,,,,,,,,,,,,,,,,,,
CC1CC(C2SCNC2C)CCC1[C@H](C)NC(O)[C@@H]1C[C@@H](O)CN1C(O)[C@@H](NC(O)C1(F)CC1)C(C)(C)C,LR00536,,,,,,,,,,,,,,,,,,,
CC1CC(CC(O)N2C[C@H](O)C[C@H]2C(O)NCC2CCC(N(O)O)CC2)ON1,LR00498,,,,,,,,,,,,,,,,,,,
CC1CC(CN2NC(C)CCC2O)ON1,LR00389,,,,,,,,,,,,,,,,,,,
CC1CC(CNC(O)[C@@H]2C[C@@H](O)CN2[C@H](O)CC(C)(C)C)CCC1C1CNCS1,LR00508,,,,,,,,,,,,,,,,,,,
CC1CC(CNC(O)[C@H](CC2CCC(O[PH]([O-])([O-])O)CC2)NC(O)CC2CCC(F)CC2)CCC1F,LR00382,,,,,,,,,,,,,,,,,,,
CC1CC(C[C@@H](O)N2C[C@H](O)C[C@H]2C(O)NCC2CCC(C3CNCO3)CC2)ON1,LR00495,,,,,,,,,,,,,,,,,,,
CC1CC(N)CCC1[C@H](O)N[C@H]1CC[C@H](O)NC1O,LR00068,,,,,,,,,,,,,,,,,,,
CC1CC(N2CCNCC2)NC(C)N1,LR00426,,,,,,,,,,,,,,,,,,,
CC1CC(S(O)(O)C2CC3(CCN(CC4CCN([C@@H]5CCC6C(C5F)N(C)C(O)N6[C@@H]5CCC(O)NC5O)CC4)CC3)C2)CCC1NC1NCC2CCC(O)N(C3CCCC3)C2N1,LR00089,,,,,,,,,,,,,,,,,,,
CC1CC(S(O)(O)NC2CCC(Cl)C3C(Cl)CNC23)OC1C(O)N(C)C,LR00149,,,,,,,,,,,,,,,,,,,
CC1CC([C@@H](C(C)C)C(O)N2C[C@H](O)C[C@H]2C(O)NOC2CCC(C3SCNC3C)CC2)ON1,LR00534,,,,,,,,,,,,,,,,,,,
CC1CC([C@H](CC([O-])O)C2CCC3C(C2)NNN3C)CCC1Cl,LR00186,,,,,,,,,,,,,,,,,,,
CC1CC2OC(C)NC2C(O)O1,LR00178,,,,,,,,,,,,,,,,,,,
CC1CC2OCOC2CC1[C@@H](CC(O)O)[C@@H]1CCC2CCC(OCC(O)NC3CCCCCC3)CC2C1,LR00244,,,,,,,,,,,,,,,,,,,
CC1CCC(NC(O)NCC2CCC3C(C2)CN([C@H]2CCC(O)N[C@H]2O)[C@@H]3O)CC1Cl,LR00021,LR00111,,,,,,,,,,,,,,,,,,
CC1CCC(NS(O)(O)C2CCC(CN)CC2)C2NCC(CN)C12,LR00148,,,,,,,,,,,,,,,,,,,
CC1CCC(NS(O)(O)C2CCCC(CN)C2)C2NCC(CN)C12,LR00142,LR00143,,,,,,,,,,,,,,,,,,
CC1CCC(S(O)(O)C2CNC(SCC(O)N[C@H]3CCCCC3C(F)(F)F)NC2O)C(C)C1,LR00162,LR00163,,,,,,,,,,,,,,,,,,
CC1CCC([C@@H](NC(O)CC2CCC3CCCCC3C2)[C@@H](C)C(O)O)CC1,LR00232,,,,,,,,,,,,,,,,,,,
CC1CCC([C@@H](NC(O)[C@@H](F)C2CCC3CCCCC3C2)[C@@H](C)C(O)O)CC1,LR00233,,,,,,,,,,,,,,,,,,,
CC1CCC([C@H](CC(O)O)NC(O)CC2CCC3CCCCC3C2)CC1,LR00231,,,,,,,,,,,,,,,,,,,
CC1CCC2CC1[C@@H](C)N1C[C@@H]3C[C@@H](CCC3OS1(O)O)OCCOCCN1NN[C@@H]3[C@H]1CCC([C@H]2CC(O)O)[C@@H]3C,LR00230,,,,,,,,,,,,,,,,,,,
CC1CCCC(C(O)N2CCC(C(N)O)CC2)C1,LR00412,,,,,,,,,,,,,,,,,,,
CC1CCCC([C@@H](O)NCC(O)O)C1,LR00447,,,,,,,,,,,,,,,,,,,
CC1CCCC2C1CCN(C(O)[C@@H]1CCCC[C@@H]1C(O)O)[C@@H]2CN1CC2CCCCC2C1O,LR00166,,,,,,,,,,,,,,,,,,,
CC1CCC[C@@H]([C@@H]2N[C@@H](C(O)O)[C@H]([C@@H]3CCCC(Cl)C3)N2C2CC(Cl)CCC2C)C1,LR00309,,,,,,,,,,,,,,,,,,,
CC1CC[C@H](NC(O)CC[C@H]2CCCC(NC3CC(O)N([C@H]4CCC(O)N[C@H]4O)C3O)C2)CC1Cl,LR00046,LR00096,,,,,,,,,,,,,,,,,,
CC1CNN(C[C@H]2C[NH2+][C@H](C)CN2CC(O)N2CC(C)(C)C3CNC(CC4CCCCC4)CC32)C1,LR00579,,,,,,,,,,,,,,,,,,,
CC1C[C@@H](C[C@@H](O)N2C[C@H](O)C[C@H]2C(O)NCC2CCC(C3CCCCC3)CC2)ON1,LR00496,,,,,,,,,,,,,,,,,,,
CC1C[C@@H]([C@@H](C(C)C)[C@@H](O)N2C[C@H](O)C[C@H]2C2NO[C@](C)(C3CCC([C@@H]4SCNC4C)CC3)N2)ON1,LR00533,,,,,,,,,,,,,,,,,,,
CC1C[C@H](N2CCCCC2)NC(CO)N1,LR00395,,,,,,,,,,,,,,,,,,,
CC1NC2CCCC(N)C2C(O)N1[C@H]1CC[C@H](O)NC1O,LR00049,,,,,,,,,,,,,,,,,,,
CC1NC2NC(C(C)C)CC(O)N2N1,LR00387,,,,,,,,,,,,,,,,,,,
CC1NCCN1CC1CCCC(CN)C1,LR00423,,,,,,,,,,,,,,,,,,,
CC1NCOC1C1CCC(CN[C@@H](O)[C@@H]2C[C@@H](O)CN2[C@H](O)CC(C)(C)C)CC1,LR00505,,,,,,,,,,,,,,,,,,,
CC1NCSC1C1CCC(CNC(O)[C@@H]2C[C@@H](O)CN2C(O)[C@@H](N2CC(C3CC3)NN2)C(C)(C)C)CC1,LR00543,,,,,,,,,,,,,,,,,,,
CC1NCSC1C1CCC(CNC(O)[C@@H]2C[C@@H](O)CN2C(O)[C@@H](NC(O)C2(F)CC2)C(C)(C)SC[C@H]2CC[C@H](CN3CCOCC3)CC2)CC1,LR00545,,,,,,,,,,,,,,,,,,,
CC1NCSC1C1CCC(CNC(O)[C@@H]2C[C@@H](O)CN2C(O)[C@@H](N[C@H](O)C2COC2)C(C)(C)C)CC1,LR00522,,,,,,,,,,,,,,,,,,,
CC1NCSC1C1CCC(CNC(O)[C@@H]2C[C@@H](O)CN2[C@@H](O)[C@@H]2C[C@@H](O)CN2C(C)O)CC1,LR00510,,,,,,,,,,,,,,,,,,,
CC1NCSC1C1CCC(CN[C@@H](O)[C@@H]2C[C@@H](O)CN2C(O)CC(C)(C)C)CC1,LR00507,,,,,,,,,,,,,,,,,,,
CC1NCSC1C1CCC(CN[C@@H](O)[C@@H]2C[C@@H](O)CN2C(O)[C@@H](NC(O)C2(C(C)O)CC2)C(C)(C)C)CC1,LR00519,,,,,,,,,,,,,,,,,,,
CC1NCSC1C1CCC(CN[C@@H](O)[C@@H]2C[C@@H](O)CN2C(O)[C@@H](NC(O)C2(CN)CC2)C(C)(C)C)CC1,LR00514,,,,,,,,,,,,,,,,,,,
CC1NCSC1C1CCC(CN[C@@H](O)[C@@H]2C[C@@H](O)CN2C(O)[C@@H](N[C@@H](C)O)C(C)(C)C)CC1,LR00509,LR00542,,,,,,,,,,,,,,,,,,
CC1NCSC1C1CCC(CN[C@@H](O)[C@@H]2C[C@@H](O)CN2C(O)[C@@H](N[C@H](O)C2CC2)C(C)(C)C)CC1,LR00516,,,,,,,,,,,,,,,,,,,
CC1NCSC1C1CCC(CN[C@@H](O)[C@@H]2C[C@@H](O)CN2C(O)[C@@H](N[C@H](O)CO)C(C)(C)C)CC1,LR00515,,,,,,,,,,,,,,,,,,,
CC1NCSC1C1CCC(CN[C@@H](O)[C@@H]2C[C@@H](O)CN2[C@H](O)[C@@H](N[C@H](O)C2(F)CC2)C(C)(C)C)CC1,LR00517,,,,,,,,,,,,,,,,,,,
CC1NCSC1C1CCC(CN[C@@H](O)[C@@H]2C[C@@H](O)CN2[C@H](O)[C@@H](N[C@H](O)C2CCC2)C(C)(C)C)CC1,LR00521,,,,,,,,,,,,,,,,,,,
CC1NCSC1C1CCC([C@H](C)NC(O)[C@@H]2C[C@@H](O)CN2C(O)[C@@H](NC(O)C2(F)CC2)C(C)(C)C)CC1,LR00552,,,,,,,,,,,,,,,,,,,
CC1NCSC1C1CCC([C@H](C)NC(O)[C@@H]2C[C@@H](O)CN2C(O)[C@@H]2CCCCN2C(O)C2(F)CC2)CC1,LR00553,,,,,,,,,,,,,,,,,,,
CC1NCS[C@@H]1C1CC2CCC[C@H](NC(O)[C@@H]3C[C@@H](O)CN3C(O)[C@@H](NC(O)C3(F)CC3)C(C)(C)C)C2CC1F,LR00535,,,,,,,,,,,,,,,,,,,
CC1NCS[C@H]1C1CCC(CNC(O)[C@@H]2C[C@@H](O)CN2C(O)[C@@H](NC(O)C2(F)CC2)C(C)(C)SC[C@H]2CC[C@@H](CN3CCOCC3)CC2)CC1,LR00544,,,,,,,,,,,,,,,,,,,
CC1NCS[C@H]1C1CCC(CNC(O)[C@@H]2C[C@@H](O)CN2C(O)[C@@H]2CCC[C@H](N)C2C)CC1,LR00501,,,,,,,,,,,,,,,,,,,
CC1NCS[C@H]1C1CCC(CNC(O)[C@H]2C[C@@H](O)CN([C@@H]3CCCCN3)[C@H]2O)CC1,LR00538,,,,,,,,,,,,,,,,,,,
CC1NN(C)C2C(O)NNCC12,LR00446,,,,,,,,,,,,,,,,,,,
CC1NNC2N1C1CCC(C3CNN(CCCCCCCN4CCC(C5CCCC6C5CN([C@H]5CCC(O)NC5O)C6O)CC4)C3)CC1[C@H](C1CCC(Cl)CC1)NC21CC1,LR00078,,,,,,,,,,,,,,,,,,,
CC1NN[C@H](N2CCCCC2)S1,LR00464,,,,,,,,,,,,,,,,,,,
CC1NS[C@H](N2CCCNCC2)N1,LR00428,,,,,,,,,,,,,,,,,,,
CC1N[C@H](C2CCC(Cl)CC2)[C@H](C2CCC(Cl)CC2)N1,LR00283,LR00284,,,,,,,,,,,,,,,,,,
CCC(O)NC1CC(OCC2CNN(C)C2)CCC1S(O)(O)N(C)C,LR00550,,,,,,,,,,,,,,,,,,,
CCC(O)NC1NC(C)CS1,LR00481,,,,,,,,,,,,,,,,,,,
CCC1CC(CNC(O)[C@H](CC2CCC(O[PH]([O-])([O-])O)CC2)NC(O)CC2CCC(F)CC2)CCC1F,LR00383,,,,,,,,,,,,,,,,,,,
CCC1CCC(CN2C(O)C3C[C@H](C(C)(C)O)CC[C@@H]3[C@]2(OCC2(CO)CC2)C2CCC(Cl)CC2)CC1,LR00358,,,,,,,,,,,,,,,,,,,
CCC1CSC(C2CNCN2)N1,LR00432,,,,,,,,,,,,,,,,,,,
CCC1NC(CN2CCCCC2O)NO1,LR00462,,,,,,,,,,,,,,,,,,,
CCC1NCC(CNC)S1,LR00433,,,,,,,,,,,,,,,,,,,
CCCC1CC(CNC(O)[C@H](CC2CCC(O[PH]([O-])([O-])O)CC2)NC(O)CC2CCC(F)CC2)CCC1F,LR00385,LR00386,,,,,,,,,,,,,,,,,,
CCCC1CC(O)OC2CC(OC(C)O)CCC12,LR00400,LR00401,,,,,,,,,,,,,,,,,,
CCCC1CCC(S(O)(O)NC2CCCC(N3NCC(C(O)O)C3C3CC3)C2)CC1,LR00202,,,,,,,,,,,,,,,,,,,
CCCCC1CCC(S(O)(O)N(CC(O)O)[C@H]2CCC[C@@H](N3NCC(C(O)O)[C@@H]3C3CC3)C2)CC1,LR00205,,,,,,,,,,,,,,,,,,,
CCCCCCC[C@@](C)(N)CO,LR00300,LR00312,LR00333,LR00337,LR00350,LR00351,LR00369,,,,,,,,,,,,,
CCCCN(C)C1CCS(O)(O)CC1,LR00451,LR00452,,,,,,,,,,,,,,,,,,
CCCCN[C@@H](O)CN1CCN(CCN2C(CCC3CCC(OCCCN(C)C)CC3)NC3C[C@H]([C@H]4C(C)NOC4C)CCC32)CC1,LR00547,,,,,,,,,,,,,,,,,,,
CCCC[C@@H]1CCCN1C(O)[C@H]1CCC[C@@H](C2CCCC(N3NCC(C([O-])O)C3C3CC3)C2)C1,LR00221,,,,,,,,,,,,,,,,,,,
CCCC[C@H]1CCCN1[C@@H](O)[C@H]1CCC[C@@H](C2CCCC(N3NCC(C(O)O)C3C3CC3)C2)C1,LR00199,,,,,,,,,,,,,,,,,,,
CCCN1C[C@H](CN(C)C(O)[C@@H]2C[C@H](C3CCCC3[C@@H]3CC(C(O)N(C)CC4CN(CC)NN4)SC3C)C(C)S2)NN1,LR00352,,,,,,,,,,,,,,,,,,,
CCCNC(O)CN1CCN(CCN2[C@H](CCC3CCC(OCCCN(C)C)CC3)N[C@@H]3C[C@H](C4C(C)NOC4C)CC[C@@H]32)CC1,LR00546,,,,,,,,,,,,,,,,,,,
CCCO[C@@H]1CC(OCCCCN(C)C)C[C@H](OC2CC3C(C[C@H]2NS(O)(O)C2CCC(OC)C(OC)C2)N(C)C(O)N3C)C1,LR00494,,,,,,,,,,,,,,,,,,,
CCC[C@@H]1CCCCN1C(O)C1CCCC(C2CCCC(N3NCC(C([O-])O)C3C3CC3)C2)C1F,LR00220,,,,,,,,,,,,,,,,,,,
CCC[C@@H]1CCCCN1C(O)C1CCCC(C2CCCC(N3NCC(C([O-])O)C3[C@@H]3C[C@H]3C3CN(C)NN3)C2)C1,LR00222,,,,,,,,,,,,,,,,,,,
CCC[C@H](C(O)O)N1C(O)[C@H](CC2CCC(F)CC2)O[C@@H](C2CCC(Cl)CC2)[C@H]1C1CCC(Cl)CC1,LR00291,,,,,,,,,,,,,,,,,,,
CCN(CC)C(O)C1CCCC2C(O)C3CCCCC3C21,LR00212,,,,,,,,,,,,,,,,,,,
CCN1CC(NC(O)C2CCC2)CN1,LR00461,,,,,,,,,,,,,,,,,,,
CCN1CCC2(CC2)[C@@H](OC2CCC3C(C2)CN([C@H]2CCC(O)NC2O)C3O)C1,LR00090,,,,,,,,,,,,,,,,,,,
CCN1CCCC[C@@H]1[C@@H](C)OC1CCC2C(C1)CN([C@H]1CCC(O)NC1O)C2O,LR00084,,,,,,,,,,,,,,,,,,,
CCN1C[C@H](OC2CCC3C(C2)CN([C@H]2CCC(O)NC2O)C3O)CC[C@@H]1C,LR00091,,,,,,,,,,,,,,,,,,,
CCN1NC[C@H]([C@H](O)N(C)[C@H]2C[C@@H](C3CCCC(C(F)(F)F)C3)C2)C1C1CCCCC1,LR00487,,,,,,,,,,,,,,,,,,,
CCN1NNC2C(C)C([C@@H](CC(O)O)C3CCC4CCN([C@H](O)C5CCCCC5)CC4C3)CCC21,LR00193,,,,,,,,,,,,,,,,,,,
CCN1NNC2C3CCC([N+](C)(C)C)CC3C3C(NNN3CC)C3CCC(N(C)C)CC3C21,LR00339,,,,,,,,,,,,,,,,,,,
CCN1NN[C@@H]2C3CCCCC3[C@H]3C(NNN3CC)C3CCCCC3C21,LR00319,,,,,,,,,,,,,,,,,,,
CCN1NN[C@H]2C(C)C([C@@H](CC(O)O)C3CC(C)[C@H]4CCN([C@H](O)C5CCCCC5)CC4C3)CC[C@@H]21,LR00191,LR00192,,,,,,,,,,,,,,,,,,
CCNC(O)CCC1NC[C@@H](C(O)N[C@@H](C[C@H](N)O)[C@H]2CC[C@@H](F)[C@H](Cl)C2)C1C1CCC(Cl)CC1F,LR00140,,,,,,,,,,,,,,,,,,,
CCNC1CCN(C2CCNCC2)CC1,LR00444,,,,,,,,,,,,,,,,,,,
CCN[C@@H]1CC[C@H]2CC[C@@H]1N2C1CCC2C(C1)C(O)N([C@H]1CC[C@H](O)NC1O)C2O,LR00100,,,,,,,,,,,,,,,,,,,
CCOC(O)CN1CCS(O)(O)CC1,LR00411,,,,,,,,,,,,,,,,,,,
CCOC1CC(C(C)(C)C)CCC1C1N[C@@](C)(C2CCC(Cl)CC2)[C@@](C)(C2CCC(Cl)CC2)N1,LR00285,,,,,,,,,,,,,,,,,,,
CCOC1CC(Cl)CCC1N1C(CN2CCNCC2)NC2CCC(F)CC2C1O,LR00486,,,,,,,,,,,,,,,,,,,
CCOC1CC(OC)CC[C@H]1C1N[C@@H](C2CCC(Br)CC2)[C@@H]([C@H]2CC[C@@H](Br)CC2)N1C(O)N1CCN(CCO)CC1,LR00258,LR00259,,,,,,,,,,,,,,,,,,
CCOC1CC2CC(O)N(C3CCC(C)CC3OCC3NNNN3)[C@@H](C3CCC(Cl)CC3)C2CC1OCC,LR00315,,,,,,,,,,,,,,,,,,,
CCOC1CCC(S(O)(O)NC2CC(CC(O)N3CCCC3)C(NS(O)(O)C3CCC(OCC)CC3)C3CCCCC23)CC1,LR00249,,,,,,,,,,,,,,,,,,,
CCOC1CCC(S(O)(O)N[C@H]2[C@H](C[C@H](C)O)C[C@@H](NS(O)(O)C3CCC(OCC)CC3)C3CCCC[C@@H]32)CC1,LR00169,,,,,,,,,,,,,,,,,,,
CCOC1CCCC(CN2[C@@H](C)[C@@H](N)[C@H](C3CCCC(Cl)C3F)[C@]23C(O)NC2CC(Cl)CCC23)C1,LR00325,,,,,,,,,,,,,,,,,,,
CCOC1CCCC[C@H]1N1CCNCC1,LR00422,,,,,,,,,,,,,,,,,,,
CCOC1CCCNC1CC1CCC([C@H](F)C(O)N[C@H](C2CCC(C)CC2)[C@@H](C)C(O)O)CC1,LR00235,,,,,,,,,,,,,,,,,,,
CCOCCOCC.COCCOCCOCCO,LR00588,,,,,,,,,,,,,,,,,,,
CCO[C@@H]1C[C@@H]2CN(C(O)[C@@H](NC(O)[C@H](C)NC)C3CCC(F)(F)CC3)[C@H](C(O)N[C@@H]3CCOC4CCCCC43)CN2C1,LR00563,LR00596,,,,,,,,,,,,,,,,,,
CCO[C@H](C1CC1)C1NC2C[C@@H]([C@@H]3NOC(O)N3)NC(C3CNC[C@H](Cl)C3)C2N1[C@H](C)[C@H]1CC[C@H](C)CC1,LR00365,,,,,,,,,,,,,,,,,,,
CCS(O)(O)NC1CCC(C2N[C@@H](CC(O)OC(C)(C)C)C3NNC(C)N3[C@@H]3SC(C)C(C)[C@H]23)CC1,LR00151,,,,,,,,,,,,,,,,,,,
CC[C@@H](C(O)OC(C)(C)C)N1[C@H](O)[C@@H](CC(O)O)C[C@H]([C@@H]2CCCC(Cl)C2)[C@H]1C1CCC(Cl)CC1,LR00278,,,,,,,,,,,,,,,,,,,
CC[C@@H](C)OC1CC2C(CC1OC)CC(O)N(C1CCC(N(C)CC3CCNCC3)CC1)[C@H]2C1CCC(Cl)CC1,LR00317,,,,,,,,,,,,,,,,,,,
CC[C@@H](C1CCCC(C2CC2)N1)N1C(O)[C@@](C)(CC(O)O)C[C@H](C2CCCC(Cl)C2)[C@H]1C1CCC(Cl)CC1,LR00310,,,,,,,,,,,,,,,,,,,
CC[C@@H](CO)N1C(O)[C@@H](CC(O)O)C[C@H](C2CCCC(Cl)C2)[C@H]1C1CCC(Cl)CC1,LR00280,,,,,,,,,,,,,,,,,,,
CC[C@@H](CO)N1C(O)[C@H](CC(O)O)O[C@@H](C2CCCC(Cl)C2)[C@H]1C1CCC(Cl)CC1,LR00293,,,,,,,,,,,,,,,,,,,
CC[C@@H](CS(O)(O)C(C)(C)C)N1C(O)[C@@H](CC(O)O)O[C@H](C2CCCC(Cl)C2)[C@H]1C1CCC(Cl)CC1,LR00303,,,,,,,,,,,,,,,,,,,
CC[C@@H](CS(O)(O)C(C)(C)C)N1C(O)[C@@](C)(CC(O)O)C[C@H](C2CCCC(Cl)C2)[C@H]1C1CCC(Cl)CC1,LR00301,,,,,,,,,,,,,,,,,,,
CC[C@@H](CS(O)(O)C(C)(C)C)N1C(O)[C@H](CC(O)O)O[C@H](C2CCCC(Cl)C2)[C@H]1C1CCC(Cl)CC1,LR00308,,,,,,,,,,,,,,,,,,,
CC[C@@H](O)N1CCC[C@@H](NS(C)(O)O)C1,LR00477,,,,,,,,,,,,,,,,,,,
CC[C@@H](O)N1CCOC[C@H]1[C@H]1CC(Cl)CC(C2NCNC(N)N2)C1,LR00236,,,,,,,,,,,,,,,,,,,
CC[C@@H](O)NC[C@H]1CC[C@H]2CC[C@@H](C(O)NCC3CCCCC3)N2[C@H](O)[C@H]1NC(O)[C@H](C)NC,LR00602,,,,,,,,,,,,,,,,,,,
CC[C@@H]([C@H](C)O)N1C(O)[C@@](C)(CC(O)O)C[C@H]([C@@H]2CCC[C@H](Cl)C2)[C@H]1C1CCC(Cl)CC1,LR00279,,,,,,,,,,,,,,,,,,,
CC[C@@H]1CC[C@@H](C(O)N2CCN(C(C)O)[C@H](C)C2)N1[C@@H](O)[C@@H]1SC2N[C@@](C)(C3CCC(Cl)CC3)[C@@H](C3CCC(Cl)CC3)N2C1C(C)C,LR00276,,,,,,,,,,,,,,,,,,,
CC[C@@]1(O)CCN(C2CCC(F)CN2)C1,LR00392,,,,,,,,,,,,,,,,,,,
CC[C@H](N)C(O)N[C@@H]1C(O)N2[C@@H](CC[C@@H]1CCN)CC[C@H]2C(O)NC(C1CCCCC1)C1CCCCC1,LR00561,,,,,,,,,,,,,,,,,,,
CC[C@H](N)C(O)N[C@@H]1C(O)N2[C@@H](CC[C@@H]1CN)CC[C@H]2C(O)NC(C1CCCCC1)C1CCCCC1,LR00559,,,,,,,,,,,,,,,,,,,
CC[C@H](N)C(O)N[C@H]1[C@@H](CCN)CC[C@H]2CC[C@@H](C(O)NC(C3CCCCC3)C3CCCCC3)N2[C@@H]1O,LR00591,,,,,,,,,,,,,,,,,,,
CC[C@H](N)C(O)N[C@H]1[C@@H](CO)CC[C@H]2CC[C@@H](C(O)NC(C3CCCCC3)C3CCCCC3)N2[C@@H]1O,LR00558,LR00560,,,,,,,,,,,,,,,,,,
CC[C@H](NC)C(O)N[C@@H](C1CCCCC1)C(O)N1C[C@@H]2CC3CCCC[C@@H]3N2C[C@H]1C(O)N[C@@H]1CCOC2CCCCC21,LR00600,,,,,,,,,,,,,,,,,,,
CC[C@H](NC)C(O)N[C@@H](C1CCCCC1)C(O)N1C[C@H]2CCCN2C[C@H]1C(O)N[C@@H]1CCOC2CCCCC21,LR00599,,,,,,,,,,,,,,,,,,,
CC[C@H](NC)C(O)N[C@@H]1C(O)N2[C@@H](CC[C@@H]1CCNCC1CCCCC1)CC[C@H]2C(O)NC(C1CCCCC1)C1CCCCC1,LR00592,,,,,,,,,,,,,,,,,,,
CC[C@H](NC)C(O)N[C@H]1CCCC[C@H]2CC[C@@H]([C@@H](O)NC(C3CCCCC3)C3CCCCC3)N2C1O,LR00556,,,,,,,,,,,,,,,,,,,
CC[C@H](NC)C1CCNCC1,LR00483,,,,,,,,,,,,,,,,,,,
CC[C@H](NC)[C@H](O)N[C@H]1[C@@H](CO)CC[C@H]2CC[C@@H](C(O)NCC3CCC(C(C)(C)C)CC3)N2[C@@H]1O,LR00585,,,,,,,,,,,,,,,,,,,
CC[C@H]1NN[C@H](N[C@@H](O)[C@H]2CCCO2)S1,LR00398,,,,,,,,,,,,,,,,,,,
CN(C)C(O)C1CCC2NCCCC2C1,LR00419,,,,,,,,,,,,,,,,,,,
CN(C)C(O)C1CCCC(C2CCCC(N3NCC(C([O-])O)C3C(F)(F)F)N2)C1,LR00217,,,,,,,,,,,,,,,,,,,
CN(C)C(O)C1CCCC(C2CCCC(N3NCC(C([O-])O)C3C3CC3)C2)C1,LR00218,,,,,,,,,,,,,,,,,,,
CN(C)C(O)C1CCCC2C(O)C3CCCCC3C21,LR00213,,,,,,,,,,,,,,,,,,,
CN(C)C(O)N1CCOC[C@@]12CCOC2,LR00449,,,,,,,,,,,,,,,,,,,
CN(C)C1NOC(C2CCNCC2)N1,LR00427,,,,,,,,,,,,,,,,,,,
CN(C)CCCN(C)[C@H]1CCN(C(O)C2N[C@H]3CC(Cl)CC[C@@H]3[C@H]2[C@H]2[C@H](C3CCCCC3)NCN2CC2CCC(Cl)CC2)C1,LR00267,LR00268,,,,,,,,,,,,,,,,,,
CN(C)CCCN(C)[C@H]1CCN([C@@H](O)[C@H]2NC3CC(Cl)CCC3[C@H]2[C@H]2[C@H](C3CCCCC3)NCN2CC2CC[C@@H](Cl)CC2CO)C1,LR00344,,,,,,,,,,,,,,,,,,,
CN(C)CCCN(C)[C@H]1CCN([C@H](O)C2NC3CC(Cl)CCC3C2[C@H]2C(C3CCCCC3)NCN2CC2CCC(Cl)CC2)C1,LR00374,,,,,,,,,,,,,,,,,,,
CN(C)S(O)(O)C[C@H]1CCCN(C(O)[C@H]2CNC3C(F)C(F)C(F)C(F)C32)C1,LR00004,,,,,,,,,,,,,,,,,,,
CN(C1NN[C@@H]([C@@H]2CNC3C2[C@@H](F)[C@@H](F)[C@H](F)[C@H]3F)O1)[C@H](CCN1CCCC1)C1CCCCN1,LR00002,,,,,,,,,,,,,,,,,,,
CN(CC(O)N1CCCCC1)S(C)(O)O,LR00475,,,,,,,,,,,,,,,,,,,
CN1C(O)[C@H](CC2CCCCC2)O[C@@H](C2CCC(Br)CC2)[C@H]1C1CCC(Br)CC1,LR00289,,,,,,,,,,,,,,,,,,,
CN1C(O)[C@H](CC2CCCCC2)O[C@@H](C2CCC(Cl)CC2)[C@H]1C1CCC(Cl)CC1,LR00290,,,,,,,,,,,,,,,,,,,
CN1C2CCCCC2N([C@H]2CCC(O)NC2O)[C@H]1O,LR00088,,,,,,,,,,,,,,,,,,,
CN1CC([C@@H]2C[C@H]2C2C(C([O-])O)CNN2C2CCCC(C3CCCC(C(O)N(C)C)C3)C2)NN1,LR00219,,,,,,,,,,,,,,,,,,,
CN1CCC([C@H](O)NC[C@H]2CCCO2)N1,LR00460,,,,,,,,,,,,,,,,,,,
CN1CCC2C1N[C@@H]([C@H]1CCC3C(C1)CN([C@H]1CCC(O)NC1O)[C@@H]3O)C[C@H]2CN1CCCC1,LR00107,,,,,,,,,,,,,,,,,,,
CN1CCCC2CCC(S(N)(O)O)CC21,LR00424,LR00425,,,,,,,,,,,,,,,,,,
CN1CCO[C@@H](CNC2NCCS2)C1,LR00445,,,,,,,,,,,,,,,,,,,
CN1CC[C@H](O[C@H]2CCCC(F)C2)C1O,LR00443,,,,,,,,,,,,,,,,,,,
CN1C[C@H]([C@H]2CCC(C(O)O)[C@@H](CCC(O)C3C(F)CC(C4CNNC4)CC3F)C2)CN1,LR00155,,,,,,,,,,,,,,,,,,,
CN1C[C@H]([C@H]2NCC(C(O)N[C@@H](CC(N)O)[C@H]3CC[C@@H](F)C(Cl)C3)[C@H]2C2CCC(Cl)CC2F)CN1,LR00137,,,,,,,,,,,,,,,,,,,
CN1NC([C@H]2CCC(O)NC2O)C2CCC(N3CCC(N(C)C4NCC(Cl)C(NC5CCC6C(C5)N(CCC(C)(C)O)C(O)N6C)N4)CC3)CC21,LR00109,,,,,,,,,,,,,,,,,,,
CN1NC([C@H]2CCC(O)NC2O)C2CCC(NC3CCNCC3)CC21,LR00093,,,,,,,,,,,,,,,,,,,
CN1NCC2C(NCC3CCCNC3)NC(C3CCCC(NC(S)NC4CCCC(C(F)(F)F)C4)C3)NC21,LR00005,,,,,,,,,,,,,,,,,,,
CN1NNC2CC([C@@H](CC([O-])O)C3CCC(Cl)C(CN(C)S(C)(O)O)C3)CCC21,LR00175,,,,,,,,,,,,,,,,,,,
CN1NNC2CC([C@@H](CC([O-])O)C3CCC(Cl)C(CN(C)S(O)(O)C4CCCCC4)C3)CCC21,LR00176,,,,,,,,,,,,,,,,,,,
CN1NNC2CC([C@@H](CC([O-])O)C3CCC(Cl)CC3)CCC21,LR00174,,,,,,,,,,,,,,,,,,,
CN1NNC2CC([C@H](CC([O-])O)C3CCC(Cl)CC3)CCC21,LR00184,LR00185,,,,,,,,,,,,,,,,,,
CN1[C@@H](O)C(CC2CCC(Cl)CC2)[C@H]([C@H]2CNC3C[C@H](Cl)CC[C@H]32)[C@@]1(O)CC1CCC(Cl)CC1,LR00313,,,,,,,,,,,,,,,,,,,
CNC(O)C1CCC(CNC[C@@H]2CCC(N3CCNC3)[C@H]([C@@H]3CN(CC4CCC(OC)CC4)NC3C)C2)CC1,LR00488,,,,,,,,,,,,,,,,,,,
CNC(O)C1CCC(S(N)(O)O)CC1,LR00430,,,,,,,,,,,,,,,,,,,
CNC(O)C1CCN(C(O)C2OC(S(O)(O)NC3CCC(Cl)C4C(Cl)CNC34)CC2C)CC1,LR00150,,,,,,,,,,,,,,,,,,,
CNC(O)CC[C@H](O)N1CCC[C@H]1C(O)N[C@@H]1COC(O)C2CCCC[C@H]2CSC[C@H]([C@@H](O)N(C)C)NC1O,LR00224,,,,,,,,,,,,,,,,,,,
CNC(O)COC1CCC([C@H]2CCC(O)NC2O)CC1,LR00098,,,,,,,,,,,,,,,,,,,
CNC(O)C[C@H](NC(O)[C@@H]1CCC[C@H]1N[C@@H](O)[C@@H]1NNC2CCCCC21)C1CCCCC1OC,LR00001,,,,,,,,,,,,,,,,,,,
CNC(O)C[C@H](NC(O)[C@@H]1C[C@@H](O)CN1C(O)[C@@H](NC(O)C1(F)CC1)C(C)(C)C)C1CCC([C@@H]2SCNC2C)CC1,LR00529,,,,,,,,,,,,,,,,,,,
CNC(O)[C@@H]1C[C@@H](O)CN1C(C)O,LR00499,,,,,,,,,,,,,,,,,,,
CNC(O)[C@@H]1C[C@@H](O)CN1C(O)C[C@@H]1CC(C)NO1,LR00503,,,,,,,,,,,,,,,,,,,
CNC(O)[C@H](CC1CCNCC1)NC(O)[C@@H]1C[C@@H](C2CCCCC2)CN1C(O)C[C@H](N)C1CCCCC1OC,LR00489,,,,,,,,,,,,,,,,,,,
CNC(O)[C@H](CC1CCNCC1)NC(O)[C@@H]1C[C@@H](C2CCCCC2)CN1C(O)C[C@H](N)C1CCCCC1OCCOCCO,LR00491,,,,,,,,,,,,,,,,,,,
CNC(O)[C@H](CC1CCNCC1)NC(O)[C@@H]1C[C@@H](C2CCCCC2)CN1C(O)C[C@H](N)C1CCCO1,LR00490,,,,,,,,,,,,,,,,,,,
CNC1CCCCC1S(C)(O)O,LR00418,,,,,,,,,,,,,,,,,,,
CNS(O)(O)CC1CC(C)ON1,LR00440,,,,,,,,,,,,,,,,,,,
CN[C@@H](C)C(O)N[C@@H](C1CCCCC1)C(O)N1CCC[C@H]1C1NC(C(O)C2CCC(F)CC2)CS1,LR00603,,,,,,,,,,,,,,,,,,,
CN[C@@H](C)C(O)N[C@@H](C1CCCCC1)C(O)N1CCC[C@H]1C1NC(C2CCCC3CCCCC32)CS1,LR00254,,,,,,,,,,,,,,,,,,,
CN[C@@H](C)C(O)N[C@@H](C1CCCCC1)C(O)N1CCC[C@H]1C1NC2C(CCCC2C2CCCCC2)S1,LR00255,,,,,,,,,,,,,,,,,,,
CN[C@@H](C)C(O)N[C@@H](C1CCCCC1)C(O)N1CC[C@H](C)[C@H]1C(O)NC1CCCCC1C1NCCCN1,LR00562,,,,,,,,,,,,,,,,,,,
CN[C@@H](C)C(O)N[C@@H](C1CCCCC1)C(O)N1C[C@H]2CCCN2C[C@H]1C(O)N[C@@H]1CCOC2CCCCC21,LR00598,,,,,,,,,,,,,,,,,,,
CN[C@@H](C)C(O)N[C@@H](C1CCCCC1)C(O)N1C[C@H]2CCCN2C[C@H]1[C@@H](O)N[C@@H]1CCCC2CCCCC21,LR00595,,,,,,,,,,,,,,,,,,,
CN[C@@H](C)C(O)N[C@@H](C1CCCCC1)[C@@H](O)N1C[C@H]2C[C@@H]3C[C@@H]3N2C[C@H]1C(O)N[C@@H]1CCOC2CCCCC21,LR00597,,,,,,,,,,,,,,,,,,,
CN[C@@H](C)C(O)N[C@@H]1CCC[C@H]2SC(C)(C)[C@@H](C(O)NC3CC(C)NN3C3CCCCC3)N2C1O,LR00251,,,,,,,,,,,,,,,,,,,
CN[C@@H](C)C(O)N[C@H](C(O)N1CCC[C@H]1C(O)N[C@@H]1CCCC2CCCCC21)C(C)(C)C,LR00554,,,,,,,,,,,,,,,,,,,
CN[C@@H](C)C(O)N[C@H](C(O)N1CC[C@H]2CC[C@H](NC(O)C(C3CCCCC3)C3CCCCC3)[C@H]21)C(C)(C)C,LR00252,,,,,,,,,,,,,,,,,,,
CN[C@@H](C)C(O)N[C@H](C(O)N1CC[C@H]2CC[C@H](NC(O)C3CCCC4CCCCC43)[C@H]21)C(C)(C)C,LR00253,,,,,,,,,,,,,,,,,,,
CN[C@@H](C)C(O)N[C@H](C(O)N1C[C@@H](OC2CCCCC2)C[C@H]1C(O)N[C@@H]1CCCC2CCCCC21)C(C)(C)C,LR00555,,,,,,,,,,,,,,,,,,,
CN[C@@H](C)[C@H](O)N[C@@H]1C(O)N(CC2C(OC)CCC3CC(C(O)O)CCC32)C2CCCC[C@@H]2OC12CCOCC2,LR00565,,,,,,,,,,,,,,,,,,,
CN[C@@H](C)[C@H](O)N[C@H]1CN([C@@H](O)C2CCC(N)CC2)[C@@H]2CCCCC2N(CC2C(OC)CCC3CCCCC32)[C@@H]1O,LR00564,,,,,,,,,,,,,,,,,,,
COC(O)CCCNC(O)C1CC2CCCC2NC1O,LR00153,,,,,,,,,,,,,,,,,,,
COC(O)N1CCN(C2CCC(F)CC2)CC1,LR00415,,,,,,,,,,,,,,,,,,,
COC(O)[C@@H]1C[C@@H](O)CN1C(O)C1CCCO1,LR00472,,,,,,,,,,,,,,,,,,,
COC1C(N)C(F)CC([C@H](O)N[C@H]2CC[C@H](O)N[C@@H]2O)[C@H]1F,LR00071,,,,,,,,,,,,,,,,,,,
COC1CC(C2SCNC2C)C(F)CC1[C@H](C)NC(O)[C@@H]1C[C@@H](O)CN1C(O)[C@@H](NC(O)C1(F)CC1)C(C)(C)C,LR00537,,,,,,,,,,,,,,,,,,,
COC1CC([C@@H](CC([O-])O)C2CCC(C)C(CN(C)S(O)(O)C3CCCCC3)C2)CC2NNN(C)C21,LR00187,,,,,,,,,,,,,,,,,,,
COC1CC([C@@H](CC([O-])O)C2CCC(C)C(CN3CCOC4CCCCC4S3(O)O)C2)CC2NNN(C)C21,LR00188,,,,,,,,,,,,,,,,,,,
COC1CC([C@@H](CC([O-])O)C2CCC(C)C(CN3C[C@@H](C)OC4CCCCC4S3(O)O)C2)CC2NNN(C)C21,LR00177,,,,,,,,,,,,,,,,,,,
COC1CC2(C1)CN(C1CC(Cl)[C@H](C(O)N3COC4C(CCC[C@@H]4[C@@H]4CC(N5[C@@H]6CC[C@H]5COC6)C(C([O-])O)C[C@H]4F)C3)[C@@H](Cl)C1)C2,LR00250,,,,,,,,,,,,,,,,,,,
COC1CC2CC(O)N(C3CCC(N(C)C[C@H]4CC[C@H](N5CCN(C)C(O)C5)CC4)CC3)[C@@H](C3CCC(Cl)CC3)C2CC1OC(C)C,LR00316,,,,,,,,,,,,,,,,,,,
COC1CCC(C2(C3C[C@@H]4CC(N5CCN(C)CC5)CCC4[C@@H]4NCCN34)CC2)CC1,LR00130,,,,,,,,,,,,,,,,,,,
COC1CCC(C2(C3NC4CC(N5CCN(C)CC5)CCC4C(NCCN)N3)CC2)CC1,LR00131,,,,,,,,,,,,,,,,,,,
COC1CCC(C2N[C@@H](C3CCC(Cl)CC3)[C@@H]([C@H]3CC[C@H](Cl)CC3)N2C(O)N2CCNC(O)C2)C(OC(C)C)C1,LR00375,LR00376,LR00377,,,,,,,,,,,,,,,,,
COC1CCC(N)C2C1C(O)N([C@H]1CCC(O)NC1O)C2O,LR00064,,,,,,,,,,,,,,,,,,,
COC1CCC(S(O)(O)N(CC(N)O)C2CCC(N(CC(N)O)S(O)(O)C3CCC(OC)CC3)C3CCCCC32)CC1,LR00168,,,,,,,,,,,,,,,,,,,
COC1CCC(S(O)(O)N(CC(N)O)C2CC[C@@H](N(C[C@H](N)O)S(O)(O)C3CCC(N)CC3)C3CCCCC32)CC1,LR00228,,,,,,,,,,,,,,,,,,,
COC1CCC(S(O)(O)N(CC(O)O)C2NC[C@H](N(CC(F)(F)F)S(O)(O)C3CCC(OC)CC3)C3CCCC[C@@H]32)CC1,LR00194,,,,,,,,,,,,,,,,,,,
COC1CCC(S(O)(O)N(CC([O-])O)[C@H]2CC[C@@H](N(CC([O-])O)S(O)(O)C3CCC(OC)CC3)C(OCC3CCCCC3)C2)CC1,LR00182,,,,,,,,,,,,,,,,,,,
COC1CCC(S(O)(O)N2CCC3CCC([C@@H](NC(O)C4CCCC5C(O)C6CCCCC6C45)C(O)O)CC3C2)CC1,LR00240,,,,,,,,,,,,,,,,,,,
COC1CCC(S(O)(O)NCC2CCCC([C@@H](NC(O)C3CCCC4C(O)C5CCCCC5C34)C(O)O)C2)CC1,LR00239,,,,,,,,,,,,,,,,,,,
COC1CCC(S(O)(O)N[C@@H]2CC[C@@H](N(CC(O)O)S(O)(O)C3CCC(OC)CC3)C3CCCCC32)CC1,LR00195,,,,,,,,,,,,,,,,,,,
COC1CCC(S(O)(O)N[C@H]2CC[C@@H](NS(O)(O)C3CCC(OC)CC3)C3CCCCC32)CC1,LR00164,,,,,,,,,,,,,,,,,,,
COC1CCC([C@@H]2N[C@@H](C3CCC(Cl)CC3)[C@@H]([C@H]3CC[C@@H](Cl)CC3)N2C(O)N2CCNC(O)C2)C(OC(C)C)C1,LR00281,LR00282,LR00320,LR00335,LR00336,LR00359,LR00360,LR00361,LR00370,LR00371,,,,,,,,,,
COC1CCC([C@H]2CCC(O)NC2O)CC1,LR00051,,,,,,,,,,,,,,,,,,,
COC1CCC([C@H]2N[C@@H](C3CC[C@H](Cl)C(Cl)C3)[C@@H]([C@H]3CCC(Cl)C(Cl)C3)N2C(O)N2CCNC(O)C2)C(OC(C)C)C1,LR00366,,,,,,,,,,,,,,,,,,,
COC1CCCC2C(C(O)N[C@H]3CCN(C4CCC(C)CC4)C3)CNC12,LR00349,,,,,,,,,,,,,,,,,,,
COC1CCCCC1C1C[C@]2(CCC(O)NC2O)ON1,LR00075,,,,,,,,,,,,,,,,,,,
COC1CCCCC1N1NC2C(C1C(C)C)[C@H](C1CCC(Cl)CC1C)N(C1CC(Cl)CCC1OCCN(C)C)C2O,LR00327,,,,,,,,,,,,,,,,,,,
COC1CCCCC1[C@H](O)CCC1CCCCC1C(O)O,LR00154,,,,,,,,,,,,,,,,,,,
COC1CCCC[C@H]1C1NNCO1,LR00413,,,,,,,,,,,,,,,,,,,
COC1CCC[C@@H](S(O)(O)N(CC(O)O)C2CCC[C@H](N3NC[C@H](C(O)O)[C@H]3C3CC3)C2)C1,LR00207,,,,,,,,,,,,,,,,,,,
COC1CCC[C@@H](S(O)(O)N(CC(O)O)[C@H]2CCCC(N3NCC(C(O)O)C3[C@H]3C[C@@H]3C3CCCCC3)C2)C1,LR00208,,,,,,,,,,,,,,,,,,,
COC1CC[C@@H](C2C[C@]3(CC[C@H](O)N[C@H]3O)ON2)[C@H](OC)C1OC,LR00076,,,,,,,,,,,,,,,,,,,
COC1CC[C@@H](C2N[C@@H](C3CCC(Cl)CC3)[C@@H](C3CCC(Cl)CC3)N2C(O)N2CCNC(O)C2C)[C@H](OC(C)C)C1,LR00367,,,,,,,,,,,,,,,,,,,
COC1CN(S(O)(O)N2CCCC2)C1,LR00457,,,,,,,,,,,,,,,,,,,
COC1CSCC1C1CN([C@H]2CCC(O)NC2O)NN1,LR00094,LR00095,,,,,,,,,,,,,,,,,,
COC1CSC[C@H]1C1CN([C@H]2CCC(O)NC2O)NN1,LR00103,,,,,,,,,,,,,,,,,,,
COC1C[C@H](C(N)O)CCC1NC(O)[C@@H]1N[C@@H](CC(C)(C)C)[C@@]2(C(O)NC3CC(Cl)SC32)[C@H]1C1CCCC(Cl)C1F,LR00296,,,,,,,,,,,,,,,,,,,
COC1NC(C)NC2C1CC[C@H]1[C@H](C)C(O)C(CN)C[C@]21C,LR00171,,,,,,,,,,,,,,,,,,,
COC1NC(N(C)C)NCC1N1NC2C(C1C(C)C)[C@H](C1CCC(CN)CC1)N(C1CC(Cl)CNC1O)C2O,LR00342,LR00347,,,,,,,,,,,,,,,,,,
COC1NCC(C2NC3C(O)N(C4CC(Cl)CN(C)C4O)[C@@H](C4CCC(Cl)CC4)[C@@H]3N2C(C)C)C(OC)N1,LR00329,,,,,,,,,,,,,,,,,,,
COC1NCC(C2NC3C([C@H](C4CCC(Cl)CC4)N([C@@H](C)C4CCCC(Cl)C4)C3O)N2C(C)C)C(OC)N1,LR00348,,,,,,,,,,,,,,,,,,,
COC1NCC([C@@H]2NC3C(O)N(C4CC(Cl)CCC4C)[C@@H](C4CCC(Cl)CC4C)C3N2C(C)C)C(OC)N1,LR00338,,,,,,,,,,,,,,,,,,,
COCC(O)NCC1CCCCC1,LR00455,,,,,,,,,,,,,,,,,,,
COCCCC1NC[C@@H](C(O)N[C@@H](CC(N)O)[C@H]2CCC(F)C(Cl)C2)[C@H]1C1CCC(Cl)CC1F,LR00138,,,,,,,,,,,,,,,,,,,
COCCNC(O)CCC1NCC(C(O)N[C@@H](CC(N)O)[C@H]2CC[C@@H](F)C(Cl)C2)C1C1CCC(Cl)CC1F,LR00136,,,,,,,,,,,,,,,,,,,
COCCOC1CC(Cl)CCC1[C@H](C)NC(O)[C@@H]1C[C@@H](O)CN1[C@H](O)[C@H](C(C)C)C1CC(C)NO1,LR00530,,,,,,,,,,,,,,,,,,,
COCCOCCOC1C[C@@H]([C@@H](C(C)C)[C@@H](O)N2C[C@H](O)C[C@H]2C(O)N[C@@H](C)C2CCC([C@@H]3SCNC3C)CC2)ON1,LR00541,,,,,,,,,,,,,,,,,,,
COCCO[C@@H]1CC(C2SCNC2C)CC[C@H]1CNC(O)[C@@H]1C[C@@H](O)CN1C(O)[C@H](C(C)C)[C@@H]1CC(C)NO1,LR00532,,,,,,,,,,,,,,,,,,,
COCCO[C@@H]1C[C@H](C2SCNC2C)CC[C@H]1[C@H](C)NC(O)[C@@H]1C[C@@H](O)CN1C(O)[C@H](C(C)C)[C@@H]1CC(C)NO1,LR00531,,,,,,,,,,,,,,,,,,,
COC[C@@H](C)C1NC2CC([C@@H]3NOC(O)N3)NC(C3CNCC(Cl)C3)C2N1[C@H](C)[C@H]1CC[C@H](C)CC1,LR00364,,,,,,,,,,,,,,,,,,,
COC[C@H]1C[NH2+][C@H](C)CN1CC(O)N1CC(C)(C)C2CNC(CC3CCCCC3)CC21,LR00577,,,,,,,,,,,,,,,,,,,
COC[C@H]1C[NH2+][C@H](C)CN1CC(O)N1CC(C)(C)C2CNC(Cl)CC21,LR00578,,,,,,,,,,,,,,,,,,,
COC[C@H]1C[NH2+][C@H](C)CN1CC(O)N1CC(C)(C)C2NCC(CC3CCCCC3)CC21,LR00580,,,,,,,,,,,,,,,,,,,
CO[C@@H]1CC(N)CC[C@@H]1[C@H](O)N[C@H]1CC[C@H](O)NC1O,LR00069,,,,,,,,,,,,,,,,,,,
CO[C@H](O)C1CCC(CNC(O)[C@@H]2C[C@@H](O)CN2[C@H](O)CC2CC(C)NO2)CC1,LR00497,,,,,,,,,,,,,,,,,,,
CO[C@H]1CN(C[C@H]2CNCS2)CC[C@H]1C,LR00453,,,,,,,,,,,,,,,,,,,
CS(O)(O)C1NCCN1CC1CSCN1,LR00397,,,,,,,,,,,,,,,,,,,
CS(O)(O)CC1NC2CCCCC2N1,LR00435,,,,,,,,,,,,,,,,,,,
CS(O)(O)NCC1CCNCC1,LR00437,,,,,,,,,,,,,,,,,,,
CS(O)(O)NCCC1CCC(F)CC1,LR00388,,,,,,,,,,,,,,,,,,,
CS(O)(O)NCCC1CCCCC1,LR00448,,,,,,,,,,,,,,,,,,,
CS(O)(O)N[C@H]1CCOC2(CCCC2)C1,LR00473,,,,,,,,,,,,,,,,,,,
CS[C@@H]1CC(F)CC[C@H]1C1CCC(C(O)NCC2CCCCC2)C(S(C)(O)O)C1,LR00492,,,,,,,,,,,,,,,,,,,
C[C@@H](C1CCC(Cl)CC1)N1CNC(C2CCCCC2)C1[C@@H]1C2CCC(Cl)CC2NC1C(O)NCCN1CCN(C2CCCCC2)CC1,LR00346,,,,,,,,,,,,,,,,,,,
C[C@@H](NC1NC(C(O)O)NC2NC(C3CCC4SCCC4C3)N(CC3CCC(Cl)CC3)C21)C1CC1,LR00362,,,,,,,,,,,,,,,,,,,
C[C@@H](NS(C)(O)O)C1CCCCC1Cl,LR00474,,,,,,,,,,,,,,,,,,,
C[C@@H](O)C1CNN(C2CCCC2)C1,LR00436,,,,,,,,,,,,,,,,,,,
C[C@@H]1C(Cl)CCC2C1NC[C@@H]2C[C@@H]1N[C@H](O)N(C[C@H]2CCC(F)C(F)C2)C1O,LR00273,LR00274,,,,,,,,,,,,,,,,,,
C[C@@H]1C(O)C(CN)C[C@]2(C)C3NN(C)C(C4CCCNC4)C3CC[C@@H]12,LR00172,,,,,,,,,,,,,,,,,,,
C[C@@H]1C(O)N(C)CCN1[C@H]1SCNC1S(O)(O)C1CCCCC1Cl,LR00237,,,,,,,,,,,,,,,,,,,
C[C@@H]1C(O)N(C)CCN1[C@H]1SCN[C@H]1S(O)(O)[C@H]1CCCC[C@@H]1CN,LR00238,,,,,,,,,,,,,,,,,,,
C[C@@H]1CCC([C@@H](NC(O)[C@@H](F)C2CCC(Cl)CC2)[C@@H](C)C(O)O)C[C@H]1OCC(C)(C)CN,LR00234,,,,,,,,,,,,,,,,,,,
C[C@@H]1CN(C(O)C2CNSN2)[C@H](C)CO1,LR00465,,,,,,,,,,,,,,,,,,,
C[C@@H]1CN(CC(O)N2CC(C)(C)C3CCC(Cl)CC32)CC[NH2+]1,LR00575,,,,,,,,,,,,,,,,,,,
C[C@@H]1CN(CC(O)N2CC(C)(C)C3NC(CO)C(CC4CCC(F)CC4)CC32)[C@@H](CN2CCOC[C@H]2C)C[NH2+]1,LR00584,,,,,,,,,,,,,,,,,,,
C[C@@H]1CN(CC(O)N2CC(C)(C)C3NCC(CC4CCC(F)CC4)CC32)[C@@H](CN2CC3CCCCC3C2O)C[NH2+]1,LR00587,,,,,,,,,,,,,,,,,,,
C[C@@H]1CN(CC(O)N2CC(C)(C)C3NCC(CC4CCC(F)CC4)CC32)[C@@H](CN2CCOC[C@H]2C)C[NH2+]1,LR00582,LR00601,,,,,,,,,,,,,,,,,,
C[C@@H]1CN(CC(O)N2CC(C)(C)C3NCC(CC4CCCCC4)CC32)[C@@H](C(O)N2CCOCC2)C[NH2+]1,LR00581,,,,,,,,,,,,,,,,,,,
C[C@@H]1CN(CC(O)N2CC(C)(C)C3NCC(CC4CCCCC4)CC32)[C@@H](CN2CCCC2O)C[NH2+]1,LR00583,,,,,,,,,,,,,,,,,,,
C[C@@H]1CN(CC(O)N2CC(C)(C)C3NCC([C@@H](O)C4CCC(F)CC4)CC32)[C@@H](CN2[C@H](C)COC[C@H]2C)C[NH2+]1,LR00586,,,,,,,,,,,,,,,,,,,
C[C@@H]1CN(CC(O)N2CCC3CCCCC32)CC[NH2+]1,LR00573,,,,,,,,,,,,,,,,,,,
C[C@@H]1CN(CC(O)N2CCC3CNC(Cl)CC32)CC[NH2+]1,LR00576,,,,,,,,,,,,,,,,,,,
C[C@@H]1CN(CC(O)N2CCCC2)CC[NH2+]1,LR00574,,,,,,,,,,,,,,,,,,,
C[C@H](CS(N)(O)O)C1CCCCC1,LR00414,,,,,,,,,,,,,,,,,,,
C[C@H](N)C1NC(C(O)N2CCC[C@H]2C(O)N[C@@H](CC2CNC3CCCCC23)C(O)O)CO1,LR00557,,,,,,,,,,,,,,,,,,,
C[C@H](NC(O)C1CC1)C1CCCNC1,LR00456,,,,,,,,,,,,,,,,,,,
C[C@H](O)N1C[C@H](O)C[C@H]1C(O)NCC1CCC(C2CNCO2)CC1,LR00502,,,,,,,,,,,,,,,,,,,
C[C@H](OC1CCC(C2CCCCC2)CC1)C([O-])O,LR00441,,,,,,,,,,,,,,,,,,,
C[C@H]([NH3+])C(O)NC1CCCC(N)N1,LR00572,,,,,,,,,,,,,,,,,,,
C[C@H]1CCCN(CC2CC(C(F)(F)F)C3NN(C4CCCC([C@]5(C)CCNC(O)C5)C4)C(O)N3C2)C1,LR00115,,,,,,,,,,,,,,,,,,,
C[C@H]1CCCN(CC2CC(C(F)(F)F)C3NN(C4CCCC([C@]5(C6NNCN6C)C[C@@H](C)C5)C4)C(O)N3C2)C1,LR00114,,,,,,,,,,,,,,,,,,,
C[C@H]1CC[C@H](CN2C3[C@H]([C@H]4CNC[C@H](Cl)C4)NC([C@@H]4NOC(O)N4)C[C@H]3N[C@H]2N2CCO[C@@H]3CCC[C@H]32)CC1,LR00363,,,,,,,,,,,,,,,,,,,
C[C@H]1NC(C2CCC3C(C2)CC(O)N3C)CS1,LR00493,,,,,,,,,,,,,,,,,,,
C[C@H]1N[C@@](C)(C2CCC(Cl)CC2)[C@@](C)(C2CCC(Cl)CC2)N1C(O)N1CCN(CCCS(C)(O)O)CC1,LR00286,,,,,,,,,,,,,,,,,,,
C[C@]1(CC(O)O)C[C@H](C2CCCC(Cl)C2)[C@@H](C2CCC(Cl)CC2)N([C@H](CS(O)(O)N2CCCC2)C2CC2)C1O,LR00311,,,,,,,,,,,,,,,,,,,
C[C@]1(O)C[C@@H](NC2NCCCC2F)C1,LR00393,,,,,,,,,,,,,,,,,,,
ClC1CCC(C2(C3C[C@@H]4CCCCC4C4NCCN43)CC2)CC1,LR00128,LR00129,,,,,,,,,,,,,,,,,,
FC1CCC(NC2CCOCC2)NC1,LR00416,,,,,,,,,,,,,,,,,,,
FC1CCCC(N2CCC[C@@H](NC3CC(N4CCOCC4)NCN3)C2)C1,LR00117,,,,,,,,,,,,,,,,,,,
FC1CCCCC1[C@@H]1CC2CCCCC2C2NCCN21,LR00120,LR00121,LR00122,LR00123,LR00124,,,,,,,,,,,,,,,
NC(O)C[C@H](NC(O)C1CNC(CCC(O)N2CCCCC2)C1C1CCC(Cl)CC1F)[C@H]1CC[C@@H](F)C(Cl)C1,LR00139,,,,,,,,,,,,,,,,,,,
NC(O)C[C@H](NC(O)[C@@H]1CN[C@@H](C2CNN(CC[NH+]3CCOCC3)C2)[C@@H]1C1CCC(Cl)C[C@H]1F)[C@H]1CCC(F)C(Cl)C1,LR00141,,,,,,,,,,,,,,,,,,,
NC(O)N1CCN(C(O)C2CCCO2)CC1,LR00450,,,,,,,,,,,,,,,,,,,
NC(O)N1CCN(C2CCC(F)CC2)CC1,LR00431,,,,,,,,,,,,,,,,,,,
NC(O)[C@@H](N)CC1CNCN1,LR00265,,,,,,,,,,,,,,,,,,,
NC(O)[C@H]1CC[C@H]1C(O)N1CCC2C(OCCO)CCCC2[C@H]1CN1C(O)C2CCCCC2C1O,LR00190,,,,,,,,,,,,,,,,,,,
NC(S)NC1CCCCC1OC(F)(F)F,LR00420,,,,,,,,,,,,,,,,,,,
NC1CCC(C(O)N[C@H]2CCC(O)NC2O)C(Cl)C1,LR00066,,,,,,,,,,,,,,,,,,,
NC1CCC(C[C@H](N)C(O)O)CC1,LR00568,,,,,,,,,,,,,,,,,,,
NC1CCC(S(O)(O)NC2CCCCN2)CC1,LR00429,,,,,,,,,,,,,,,,,,,
NC1CCC2C(C1)C(O)N([C@H]1CC(O)NC1O)C2O,LR00031,,,,,,,,,,,,,,,,,,,
NC1CCCC(SC[C@H]2CCC(O)NC2O)C1,LR00053,,,,,,,,,,,,,,,,,,,
NC1CCCC2C1C(O)N([C@H]1CCC(O)NC1O)C2O,LR00008,LR00011,LR00013,LR00026,LR00027,LR00042,LR00060,LR00063,LR00081,LR00086,LR00087,,,,,,,,,
NC1CCCC2C1CN([C@H]1CCC(O)N[C@@H]1O)C2O,LR00007,LR00009,LR00014,LR00020,LR00079,LR00097,,,,,,,,,,,,,,
NC1CC[C@@H]([C@H](O)N[C@H]2CCC(O)NC2O)[C@H](C(F)(F)F)C1,LR00067,,,,,,,,,,,,,,,,,,,
NC1CC[C@H]([C@H](O)N[C@H]2CC[C@H](O)NC2O)C(O)C1,LR00070,,,,,,,,,,,,,,,,,,,
NC1C[C@H](C2CCCC(OC3CCC(Cl)CC3)C2)CN1,LR00125,,,,,,,,,,,,,,,,,,,
NC1NCNC2C1NCN2[C@@H]1O[C@H](CO[PH](O)(O)O)[C@@H](O)[C@H]1O[C@H]1O[C@H](CO[PH](O)(O)O)[C@@H](O)[C@H]1O,LR00379,LR00380,,,,,,,,,,,,,,,,,,
NCC1CCC(N2CCN(CC3CCC(COC4CCCC5C4CN([C@H]4CCC(O)NC4O)C5O)CC3)CC2)C(F)C1,LR00055,LR00056,LR00057,LR00058,LR00077,LR00080,,,,,,,,,,,,,,
NC[C@H]1OCCC2SCCC21,LR00210,,,,,,,,,,,,,,,,,,,
NNNCCOC1CCC(C[C@H](N)C(O)O)CC1,LR00566,,,,,,,,,,,,,,,,,,,
NS(O)(O)C1CCC(S(O)(O)NC2CCCC3C(Cl)CNC23)CC1,LR00145,LR00146,LR00147,,,,,,,,,,,,,,,,,
NS(O)(O)C1CCCCC1,LR00179,,,,,,,,,,,,,,,,,,,
NS(O)(O)C1CCCCC1OC(F)F,LR00478,,,,,,,,,,,,,,,,,,,
N[C@@H](CO)CC1CNC2CC(F)CCC12,LR00341,,,,,,,,,,,,,,,,,,,
N[C@@H]1CCC2C(O[SH](O)O)CCCC21,LR00590,,,,,,,,,,,,,,,,,,,
N[C@@H]1SNNC1C1CCCCC1,LR00256,LR00593,,,,,,,,,,,,,,,,,,
N[C@H](CO)C1CCCCC1,LR00257,LR00589,LR00594,,,,,,,,,,,,,,,,,
N[C@H](CO)CC1CCCC(C(F)(F)F)C1,LR00368,,,,,,,,,,,,,,,,,,,
N[C@H](CO)CC1CNC2C[C@H](Cl)CCC12,LR00261,LR00262,LR00263,LR00334,,,,,,,,,,,,,,,,
N[C@H](CO)CCCCNCS,LR00331,LR00332,,,,,,,,,,,,,,,,,,
N[C@H](CO)C[C@H]1CC[C@@H](C[PH](O)(O)O)CC1,LR00264,,,,,,,,,,,,,,,,,,,
N[C@H](O)C[C@H](NC(O)[C@@H]1CNNC1C1CCC(Cl)CC1F)[C@H]1CC[C@@H](F)C(Cl)C1,LR00119,,,,,,,,,,,,,,,,,,,
N[C@H](O)C[C@H](NC(O)[C@@H]1CNN[C@@H]1C1CCCCC1F)[C@H]1CCCC(Cl)C1,LR00118,,,,,,,,,,,,,,,,,,,
OC(C1CC1)N1CCN(C(O)C2CCCO2)CC1,LR00402,,,,,,,,,,,,,,,,,,,
OC(C1CC1)N1CCN(C2CCC(F)CC2)CC1,LR00469,,,,,,,,,,,,,,,,,,,
OC(C1CNNC1)N1CCCC1,LR00479,,,,,,,,,,,,,,,,,,,
OC(CN1CCCC1O)NC1NCCS1,LR00407,,,,,,,,,,,,,,,,,,,
OC(CN1CC[NH2+]CC1)N1CCCCC1,LR00571,,,,,,,,,,,,,,,,,,,
OC(CNC[C@H]1CC2CCCCC2N1)N[C@H]1CC[C@@H](C2NC3CCCCC3N2)CC1,LR00152,,,,,,,,,,,,,,,,,,,
OC(COC(F)F)N1C[C@H]2CCC[C@H]2C1,LR00471,,,,,,,,,,,,,,,,,,,
OC(COC1CCCC(N2CCC(C(O)O)CC2)C1)NC1CCCCC1,LR00242,,,,,,,,,,,,,,,,,,,
OC(COC1CCCCC1)NC1CCCCC1,LR00241,,,,,,,,,,,,,,,,,,,
OC(NC1CC1)C1CCC2OCOC2C1,LR00409,,,,,,,,,,,,,,,,,,,
OC(NCC1CCC(Cl)CC1)[C@@H]1C[C@@H](O)CN1C(O)C1CCCCC1Cl,LR00500,,,,,,,,,,,,,,,,,,,
OC(NCCN1CCOCC1)C1NC2CC(Cl)CCC2[C@H]1[C@H]1C(C2CCCCC2)NCN1CC1CCC(Cl)CC1,LR00277,,,,,,,,,,,,,,,,,,,
OC(N[C@@H](C(O)O)C1CCCCC1)C1CCCC2C(O)C3CCCCC3C12,LR00215,,,,,,,,,,,,,,,,,,,
OC(N[C@H]1C[C@H](O)N[C@H]1O)[C@@H]1C(Cl)CC(Cl)C[C@H]1Cl,LR00039,,,,,,,,,,,,,,,,,,,
OC(O)C1CC(F)C(Cl)NC1Cl,LR00211,,,,,,,,,,,,,,,,,,,
OC(O)C1CCC([C@H]2C[C@H]3[C@@H](N2)[C@H]([C@@H]2CCC[C@H](Cl)[C@H]2F)[C@]2(C(O)N[C@@H]4CC(Cl)CC[C@H]42)N3CC2CC2)CC1,LR00326,,,,,,,,,,,,,,,,,,,
OC(O)C1CCCC[C@H]1C(O)N[C@H]1CC[C@H](O)N[C@@H]1O,LR00028,,,,,,,,,,,,,,,,,,,
OC(O)C1CNN(C2CCC[C@@H](NS(O)(O)C3CCCCC3)C2)C1C1CC1,LR00198,,,,,,,,,,,,,,,,,,,
OC(O)CCC(O)NCCCCCCO[C@H](O)[C@@H]1NC2CC(Cl)CCC2[C@H]1[C@H]1[C@H]([C@H]2CC[C@H](F)CC2)NCN1CC1CCC(Cl)CC1,LR00321,LR00322,,,,,,,,,,,,,,,,,,
OC(O)CCC1CCC2CCC(OCC(O)NC3CCCCCC3)CC2C1,LR00243,,,,,,,,,,,,,,,,,,,
OC(O)CN([C@H]1CCC[C@@H](N2NCC(C(O)O)[C@@H]2[C@H]2C[C@@H]2C2CCCCC2)C1)S(O)(O)C1CCCCC1,LR00206,,,,,,,,,,,,,,,,,,,
OC(O)CN([C@H]1CCC[C@H](N2NC[C@H](C(O)O)[C@H]2C2CC2)C1)S(O)(O)C1CCCCC1,LR00201,,,,,,,,,,,,,,,,,,,
OC(O)CN1C(O)C2CC(C(O)O)CCC2[C@@H]1O,LR00157,,,,,,,,,,,,,,,,,,,
OC(O)CN1C(O)C2CCCCC2[C@@H]1O,LR00156,,,,,,,,,,,,,,,,,,,
OC(O)CN1CC[C@H]2[C@@H]1[C@H](C1CCCC(Cl)C1)[C@@]1(C3CC[C@H](Cl)CC3N[C@@H]1O)N2CC1CC1,LR00324,,,,,,,,,,,,,,,,,,,
OC(O)CNC(O)C1CCCC2C(O)C3CCCCC3C12,LR00214,,,,,,,,,,,,,,,,,,,
OC(O)COC1CCC(F)CC1,LR00438,,,,,,,,,,,,,,,,,,,
OC(O)COC1CCCC(CNC(O)NC2NNC(C3CCCO3)O2)C1,LR00158,LR00159,,,,,,,,,,,,,,,,,,
OC(O)COCC1CCCCC1,LR00482,,,,,,,,,,,,,,,,,,,
OC(O)C[C@@H](C1CCC2CCC(OCC(O)NC3CCCCC3)CC2C1)C1CCC2OCCOC2C1,LR00247,,,,,,,,,,,,,,,,,,,
OC(O)C[C@@H](C1CCC2CCC(OCC(O)NC3CCCCC3)CC2C1)C1CCC2OCOC2C1,LR00245,LR00246,,,,,,,,,,,,,,,,,,
OC(O)C[C@@H](C1CCC2CCC(OCC(O)NC3CCCCCC3)CC2C1)C1CCC2OCCOC2C1,LR00248,,,,,,,,,,,,,,,,,,,
OC(O)[C@@H]1CCCC[C@H]1C(O)N1CCC2CCCCC2[C@H]1CN1C(O)C2CCCCC2C1O,LR00161,,,,,,,,,,,,,,,,,,,
OC(O)[C@@H]1NC2CC(Cl)CCC2[C@H]1[C@H]1C(C2CCCCC2)NCN1CC1CCC(Cl)CC1,LR00269,,,,,,,,,,,,,,,,,,,
OC(O)[C@@](O)(C1CCCCC1)C1CCCC1,LR00209,,,,,,,,,,,,,,,,,,,
OC(O)[C@H](C1CCC(Cl)CC1)N1C(O)C2CC(I)CCC2NC(O)[C@@H]1C1CCC(Cl)CC1,LR00260,,,,,,,,,,,,,,,,,,,
OC(O)[C@H]1CCCC[C@H]1C(O)N1CCC2CCCCC2[C@H]1CN1CC2CCCCC2C1O,LR00167,,,,,,,,,,,,,,,,,,,
OC(O)[C@H]1CCCN([C@H](O)CC2CCC(F)CC2)C1,LR00442,,,,,,,,,,,,,,,,,,,
OC(O)[C@H]1CNN(C2CCCCC2)[C@@H]1C1CC1,LR00197,,,,,,,,,,,,,,,,,,,
OC([C@H]1CCC2OCOC2C1)N1CCCCCC1,LR00466,,,,,,,,,,,,,,,,,,,
OC1C2CCCCC2C(O)N1C[C@@H]1C2CCCCC2CCN1C(O)[C@@H]1CCCC[C@@H]1C1NNNN1,LR00165,,,,,,,,,,,,,,,,,,,
OC1CCC2C(C1)C(O)N([C@H]1CCC(O)NC1O)C2O,LR00045,,,,,,,,,,,,,,,,,,,
OC1CCN(C2CNC3CC(CN[C@@H](O)[C@@H]4C[C@@H]5CCCCC5CN4S(O)(O)CC4CCCCC4)CCN32)C(O)N1,LR00101,,,,,,,,,,,,,,,,,,,
OC1CCN([C@@H]2CNC3C4OCC5(CCNCC5)C4CCN32)C(O)N1,LR00106,,,,,,,,,,,,,,,,,,,
OC1CC[C@@H](N2C(O)[C@@H]3CCCC[C@H]3[C@@H]2O)[C@H](O)N1,LR00025,,,,,,,,,,,,,,,,,,,
OC1CC[C@H](CS(O)(O)C2CCCCC2)C(O)N1,LR00054,,,,,,,,,,,,,,,,,,,
OC1CC[C@H](N2C(O)C3CCC(N4CCOCC4)CC3C2O)C(O)N1,LR00082,LR00083,,,,,,,,,,,,,,,,,,
OC1CC[C@H](N2C(O)C3CCCCC3C2O)[C@@H](O)N1,LR00006,LR00010,LR00012,LR00016,LR00017,LR00018,LR00019,LR00023,LR00024,LR00029,LR00032,LR00033,LR00034,LR00035,LR00036,LR00037,LR00040,LR00044,LR00050,LR00065
OC1CC[C@H](N2CC3C(OCC4CCC(CN5CCOCC5)CC4)CCCC3C2O)C(O)N1,LR00022,LR00048,LR00059,LR00085,,,,,,,,,,,,,,,,
OC1CC[C@H](N2CC3CC(C4CCN(CC5CCCCC5)CC4)CC[C@@H]3C2O)C(O)N1,LR00052,LR00061,,,,,,,,,,,,,,,,,,
OC1CC[C@H](N2CC3CC(CNC(O)C(F)(F)C4CCC(Cl)CC4)CCC3C2O)C(O)N1,LR00043,,,,,,,,,,,,,,,,,,,
OC1CC[C@H](N2CC3CC(NC4NOC5CCCCC45)CCC3C2O)C(O)N1,LR00062,,,,,,,,,,,,,,,,,,,
OC1CC[C@H](N2CC3C[C@@H](C4(O)CCN(CC5CCCCC5)CC4)CCC3C2O)[C@@H](O)N1,LR00110,,,,,,,,,,,,,,,,,,,
OC1CC[C@H](N2CC3C[C@H]([C@@H]4CC(CN5CCCC5)C5CCN(C6COC6)C5N4)CCC3C2O)C(O)N1,LR00108,,,,,,,,,,,,,,,,,,,
OC1CC[C@H](N2C[C@H]3C4OCC5(CCN(CC6CCCCC6)CC5)[C@@H]4CC[C@@H]3[C@H]2O)[C@@H](O)N1,LR00092,,,,,,,,,,,,,,,,,,,
OC1CC[C@H](N2C[C@H]3CC([C@H]4CC(CN5CCCC5)C5CCNC5N4)CCC3C2O)C(O)N1,LR00104,,,,,,,,,,,,,,,,,,,
OC1CC[C@H](N2NC3CCCCC3N2)C(O)N1,LR00047,,,,,,,,,,,,,,,,,,,
OC1CC[C@H]([C@H]2CCCC(C3CCCCC3)C2Cl)C(O)N1,LR00102,,,,,,,,,,,,,,,,,,,
OC1CC[C@]2(CC(C3CCC(Cl)CC3Cl)NO2)[C@H](O)N1,LR00073,,,,,,,,,,,,,,,,,,,
OC1CC[C@]2(CC(C3CCCCC3Cl)NO2)[C@H](O)N1,LR00072,,,,,,,,,,,,,,,,,,,
OC1CN(C(C2CCCCC2)C2CCCCC2)C1,LR00391,,,,,,,,,,,,,,,,,,,
OC1CN(CC2CCCCC2)CC(O)N1,LR00480,,,,,,,,,,,,,,,,,,,
OC1C[C@H](NC(O)OCC2CCCCC2)C(O)N1,LR00038,,,,,,,,,,,,,,,,,,,
OC1C[C@H](NC(O)[C@@H]2CC(N(O)O)CC[C@H]2C(O)O)C(O)N1,LR00030,,,,,,,,,,,,,,,,,,,
OC1NC[C@H]2[C@@H]1[C@H](C1CCCC(Cl)C1F)[C@]1(C(O)NC3CC(Cl)CCC31)N2CC1CC1,LR00340,,,,,,,,,,,,,,,,,,,
OC1N[C@@H](O)CCN1C1CCC2CCNC2C1,LR00099,,,,,,,,,,,,,,,,,,,
OC1N[C@@H](O)CC[C@@H]1N1C(O)C2CCCC(NCC3CCC(CN4CC(N5CCOCC5)C4)CC3F)C2C1O,LR00113,,,,,,,,,,,,,,,,,,,
OC1N[C@H](C2CCCCC2)C(O)N1N[C@H](O)[C@H]1CNC2C(F)C(F)C(F)C(F)C21,LR00003,,,,,,,,,,,,,,,,,,,
OC1N[C@H](O)CC[C@@H]1N1CC2C3OCC4(CCNCC4)C3CC[C@@H]2[C@@H]1O,LR00105,,,,,,,,,,,,,,,,,,,
OCC1CCC(N2CCCC2)CC1,LR00528,,,,,,,,,,,,,,,,,,,
OCC1CN(C2CCC(Cl)CC2)NN1,LR00421,,,,,,,,,,,,,,,,,,,
OCCC[C@H]1CN([C@@H]2CN[C@H](CO)C2)NN1,LR00567,,,,,,,,,,,,,,,,,,,
OCCOC1CCCC2C1CCN(C(O)[C@@H]1CCCC[C@@H]1C(O)O)[C@@H]2CN1C(O)C2CCCCC2C1O,LR00189,,,,,,,,,,,,,,,,,,,
OC[C@H]1O[C@@H](N2CCC(O)NC2O)C[C@@H]1O,LR00015,,,,,,,,,,,,,,,,,,,
OS(O)(NC1CCC[C@H](N2NC[C@H](C3NNNN3)[C@H]2C2CC2)C1)C1CCCCC1,LR00203,,,,,,,,,,,,,,,,,,,
OS1(O)CCN(CC2CCCO2)CC1,LR00459,,,,,,,,,,,,,,,,,,,
O[C@@H](N1CCOCC1)N1CCCC(F)C1,LR00458,,,,,,,,,,,,,,,,,,,
O[C@@H](NC1CC1)[C@@H]1CNN2CCCNC12,LR00396,,,,,,,,,,,,,,,,,,,
O[C@@H](NS(O)(O)[C@@H]1CCC(Br)S1)[C@H]1CC[C@@H](Cl)C[C@H]1Cl,LR00144,,,,,,,,,,,,,,,,,,,
O[C@@H]1N[C@@H](O)CC[C@]12CC([C@H]1CCCCC1N(O)O)NO2,LR00074,,,,,,,,,,,,,,,,,,,
O[C@@H]1O[C@](O)(CC2CCC(Cl)CC2)[C@H](C2CNC3CC(Cl)CCC32)C1CC1CCC(Cl)CC1,LR00314,,,,,,,,,,,,,,,,,,,
O[C@H](C1CSNN1)N1CCOCC1,LR00405,LR00406,,,,,,,,,,,,,,,,,,
O[CH2][Re@OH25]([CH2]O)([CH2]O)([N]1CCNC1)[N]1CCNC1,LR00540,LR00549,,,,,,,,,,,,,,,,,,
O[CH2][Re@OH28]([OH])([CH2]O)([CH2]O)[N]1CCNC1,LR00539,LR00548,,,,,,,,,,,,,,,,,,
[O-]C(O)CCC1CCC(Cl)CC1,LR00173,,,,,,,,,,,,,,,,,,,
[O-]C(O)C[C@@H](C1CCC(Cl)CC1)C1CCNC(O)C1,LR00183,,,,,,,,,,,,,,,,,,,
[O-][N@@H+](O)C1CCC(CN2C(O)C3CCCC(Cl)C3[C@]2(OCC2(CO)CC2)C2CCC(Cl)CC2)CC1,LR00356,,,,,,,,,,,,,,,,,,,
[O-][PH]([O-])(O)OC1CCC(C[C@H](NC(O)CC2CCC(F)CC2)C(O)NCC2CCC(F)CC2)CC1,LR00384,,,,,,,,,,,,,,,,,,,
